Sentiment ,Recommendation,Category
Neutral and Positive,The Power of Now by Eckhart Tolle ,Book
Neutral and Positive,The Happiness Hypothesis by Jonathan Haidt,Book
Neutral and Positive,Mindfulness-Based Stress Reduction Course ,Online course
Neutral and Positive,Positive Psychology: Martin Seligman's Visionary Science ,Online course
Neutral and Positive,The Science of Well-Being Course (online course),Online course
Neutral and Positive,The Art of Happiness by Dalai Lama XIV and Howard C. Cutler (book),Book
Neutral and Positive,The How of Happiness by Sonja Lyubomirsky (book),Book
Neutral and Positive,"The Book of Joy by Dalai Lama XIV, Desmond Tutu, and Douglas Carlton Abrams (book)",Book
Neutral and Positive,Flow: The Psychology of Optimal Experience by Mihaly Csikszentmihalyi (book),Book
Neutral and Positive,Authentic Happiness by Martin Seligman (book),Book
Neutral and Positive,The Four Agreements by Don Miguel Ruiz (book),Book
Neutral and Positive,Love Yourself Like Your Life Depends On It by Kamal Ravikant (book),Book
Neutral and Positive,The Alchemist by Paulo Coelho (book),Book
Neutral and Positive,"The Mindful Way Through Depression by Mark Williams, John Teasdale, Zindel Segal, and Jon Kabat-Zinn (book)",Book
Neutral and Positive,A Course in Miracles by Foundation for Inner Peace (book),Book
Neutral and Positive,The Gifts of Imperfection by Brené Brown (book),Book
Neutral and Positive,The Body Keeps the Score by Bessel van der Kolk (book),Book
Neutral and Positive,The Miracle Morning by Hal Elrod (book),Book
Neutral and Positive,"The Nature Fix: Why Nature Makes Us Happier, Healthier, and More Creative by Florence Williams (book)",Book
Neutral and Positive,Radical Acceptance: Embracing Your Life with the Heart of a Buddha by Tara Brach (book),Book
Neutral and Positive,The War of Art: Break Through the Blocks and Win Your Inner Creative Battles by Steven Pressfield (book),Book
Neutral and Positive,The Artist's Way: A Spiritual Path to Higher Creativity by Julia Cameron (book),Book
Neutral and Positive,The Life-Changing Magic of Tidying Up by Marie Kondo (book),Book
Neutral and Positive,The Tao of Pooh by Benjamin Hoff (book),Book
Neutral and Positive,The Power of Vulnerability Course by Brené Brown (online course),Online course
Neutral and Positive,The Science of Happiness Course by UC Berkeley (online course),Online course
Neutral and Positive,The Psychology of Well-Being Course by Yale University (online course),Online course
Neutral and Positive,Mindful Eating Course by The Center for Mindful Eating (online course),Online course
Neutral and Positive,The Way of Zen by Alan Watts (book),Book
Neutral and Positive,"The Joy of Movement: How Exercise Helps Us Find Happiness, Hope, Connection, and Courage by Kelly McGonigal (book)",Book
Neutral and Positive,The Power of Positive Thinking by Norman Vincent Peale (book),Book
Neutral and Positive,The Self-Acceptance Project Course by Sounds True (online course),Online course
Neutral and Positive,The Secret by Rhonda Byrne (book),Book
Neutral and Positive,The Desire Map: A Guide to Creating Goals with Soul by Danielle LaPorte (book),Book
Neutral and Positive,The Inner Game of Tennis by W. Timothy Gallwey (book),Book
Neutral and Positive,The Seven Spiritual Laws of Success by Deepak Chopra (book),Book
Neutral and Positive,The Subtle Art of Not Giving a F*ck: A Counterintuitive Approach to Living a Good Life by Mark Manson (book),Book
Neutral and Positive,The Untethered Soul: The Journey Beyond Yourself by Michael A. Singer (book),Book
Neutral and Positive,"10% Happier: How I Tamed the Voice in My Head, Reduced Stress Without Losing My Edge",Book
Neutral and Positive,Join a yoga class or a meditation group,Activity or suggestion
Neutral and Positive,start a gratitude journal to write down three things they are grateful for each day,Activity or suggestion
Neutral and Positive,"attend a self-improvement workshop or seminar, such as Tony Robbins' ""Unleash the Power Within""",Activity or suggestion
Neutral and Positive,"take up a new hobby or creative pursuit, such as painting, photography, or writing",Activity or suggestion
Neutral and Positive,"start a daily exercise routine, such as running, cycling, or weightlifting",Activity or suggestion
Neutral and Positive,try a new healthy recipe and cook it from scratch,Activity or suggestion
Neutral and Positive,join a community service project or volunteer for a cause they care about,Activity or suggestion
Neutral and Positive,plan a weekend getaway to a nature retreat or spa,Activity or suggestion
Neutral and Positive,"practice self-care rituals such as taking a warm bath, getting a massage, or practicing a skincare routine",Activity or suggestion