,id,Time,Tweet
0,1320104338077802497,2023-02-13 19:51:28+00:00,b'RT @lovesunooo: Sunoo 020323\n\nFever dance break -`\xe2\x99\xa1\xc2\xb4- https://t.co/6fMMGYhiRG'
2,1604691233015832576,2023-02-13 19:51:27+00:00,b'i mad e this last night and it felt like a fever dream the whole time -\xe2\xad\x90 #omorifanart #omorisunburn #sapphicsunburn https://t.co/ntjycNPqt9'
4,197611472,2023-02-13 19:50:59+00:00,b'Baby B woke up from his nap on Saturday with a high fever and covered in welt-like rashes. We got his temp down and\xe2\x80\xa6 https://t.co/qmAlrUiLrZ'
5,1295356224825896961,2023-02-13 19:50:57+00:00,b'RT @nullyuyu: https://t.co/teCT8Lluut'
6,4874706926,2023-02-13 19:50:47+00:00,b'WHY DO I HAVE A FEVER https://t.co/0TBUKEvC3u'
7,1342585325999304704,2023-02-13 19:50:46+00:00,b'@RandomVNBot Danganronpa\xf0\x9f\x98\xad\xf0\x9f\x98\xad\xf0\x9f\x98\xad I\xe2\x80\x99m sorry but dm was a fever dream sorry not sorry'
13,557838912,2023-02-13 19:50:34+00:00,b'@maxwoody84 Me and the wife had that just before Xmas. Im sorry to say it\xe2\x80\x99s not pleasant mate. Hopefully after 3 da\xe2\x80\xa6 https://t.co/rfDpu1U839'
14,1552389267296509952,2023-02-13 19:50:28+00:00,b'RT @denjictrl: y\xe2\x80\x99all don\xe2\x80\x99t understand how bad i need these figures https://t.co/x8UFNimhe6'
15,1137675898432479233,2023-02-13 19:50:08+00:00,b'https://t.co/BzYk2qHgoy'
16,3215759967,2023-02-13 19:50:07+00:00,"b'""FEVER HOUSE is an extraordinary novel, a wild but seamless hybrid of hoodlum noir, government agency skullduggery,\xe2\x80\xa6 https://t.co/aGuqHLsgoR'"
17,64222213,2023-02-13 19:50:03+00:00,b'@Fever_PitchFC Nada a n\xc3\xa3o ser acusa\xc3\xa7\xc3\xb5es m\xc3\xbatuas.'
20,1352019962580271106,2023-02-13 19:49:48+00:00,b'I am in no place to be having baby fever but its not gonna stop me from reproducing'
21,1283838835,2023-02-13 19:49:47+00:00,b'Nigeria is into the season of the year (weeks 3-10) when cases increase the most. \nTransmission of lassa fever viru\xe2\x80\xa6 https://t.co/7HESE0Ey23'
23,859392421,2023-02-13 19:49:42+00:00,"b'It would be crazy if Rafa reactivated his twitter,live tweeted his episode and just bounced again. \xf0\x9f\x91\x80\xe2\x9c\xa8\xe2\x9c\xa8'"
27,3869529017,2023-02-13 19:49:14+00:00,b'RT @_GlobalCrisis_: \xf0\x9f\x93\xa2The planet is in #fever\n#Volcanic Activity All Over The World #Shorts\n#GlobalCrisis #eruption #volcano #volcan #Disast\xe2\x80\xa6'
29,1295356224825896961,2023-02-13 19:49:07+00:00,b'RT @NotBonkyP: visual king \n https://t.co/ThZtNSVCPM'
31,578405575,2023-02-13 19:49:01+00:00,b'I made a fever blister disappear before it even ruined my life. You have to pile on the Zambuk while it\xe2\x80\x99s still jus\xe2\x80\xa6 https://t.co/4GC7lhNo7w'
32,812054797385891841,2023-02-13 19:48:55+00:00,"b""@lonelymiracle I'm absolutely cheering him on. I'm cheering both of you on. Valley fever is rough but absolutely tr\xe2\x80\xa6 https://t.co/zxdnomQS2P"""
35,16220746,2023-02-13 19:48:39+00:00,"b'@evppodcast I won the drawing last week,may I ask 2 questions? 1 about paranormal and 2 to Blake about real estate-\xe2\x80\xa6 https://t.co/B8o7HNRyL8'"
36,1552389267296509952,2023-02-13 19:48:32+00:00,"b'@mememaku No joke, I also drew nagito out of nowhere recently \xf0\x9f\x92\x80\xf0\x9f\x92\x80\xf0\x9f\x92\x80'"
38,1295356224825896961,2023-02-13 19:48:21+00:00,b'RT @ddalgijohwa: Seonghwa pick of animal crossing villagers that resembles him and Hongjoong\xf0\x9f\x98\x82\n\nSasha = Seonghwa    \nMarshal = Hongjoong htt\xe2\x80\xa6'
42,368034992,2023-02-13 19:48:06+00:00,b'Therapists cuffing me to a medical bed for days only letting me out to use the restroom cuffed to a nurse \xf0\x9f\x92\x80\xf0\x9f\x92\x80 fever dream for realllll'
43,1175536596717903874,2023-02-13 19:48:04+00:00,b'RT @Psychomommy13: @EuanYours Bingo. Right out of the mob mentality playbook.\n\nPUSH\nPick a minority group\nUse existing ignorance/biases to\xe2\x80\xa6'
46,1220785018819305472,2023-02-13 19:48:01+00:00,b'@privggs that was a fever dream but a good one'
47,1577245518,2023-02-13 19:47:57+00:00,"b'eering off\nfrom this monster directly ac\n_Discount_Noon_Code_Namshi_Coupon_Sivvi_Promo_Non_s_\nfever and smallpox, https://t.co/KRRFeCY7Id'"
48,1399379155993739269,2023-02-13 19:47:56+00:00,b'RT @poemeIody: Fever Sunoo &gt;&gt;&gt;&gt;\n https://t.co/VVENHcx8T2'
50,1283838835,2023-02-13 19:47:52+00:00,"b'#Lassa fever, #Nigeria:\nCumulatively from week 1 to week 4, 2023, 53 deaths have been reported with a case fatality\xe2\x80\xa6 https://t.co/XKRLN5C1Rh'"
51,839852719133253633,2023-02-13 19:47:51+00:00,b'RT @xxxSYFxxx: \xe3\x80\x90\xe9\x80\x9f\xe5\xa0\xb1\xe3\x80\x91\xe8\xbf\xbd\xe5\x8a\xa0\xe6\x83\x85\xe5\xa0\xb1\n2.19 (Sun)\xe6\x96\xb0\xe4\xbb\xa3\xe7\x94\xb0FEVER\xe3\x81\xa7\xe8\xa1\x8c\xe3\x82\x8f\xe3\x82\x8c\xe3\x82\x8b\xe3\x80\x8cSMASH YOUR FACE vs.\xe3\x83\x99\xe3\x83\x83\xe3\x83\x89\xe3\x83\xbb\xe3\x82\xa4\xe3\x83\xb3\xe3\x80\x8d\xe3\x81\xae\xe3\x82\xa4\xe3\x83\x99\xe3\x83\xb3\xe3\x83\x88\xe3\x81\xab\xe3\x81\xa6\nSMASH YOUR FACE\xe3\x81\xae\xe3\x83\xa9\xe3\x82\xa4\xe3\x83\x96\xe3\x81\xa7\xe3\x83\x99\xe3\x83\x83\xe3\x83\x89\xe3\x83\xbb\xe3\x82\xa4\xe3\x83\xb3\xe3\x81\xae\xe3\x82\xb3\xe3\x83\xa9\xe3\x83\x9c\xe3\x83\xac\xe3\x83\xbc\xe3\x82\xb7\xe3\x83\xa7\xe3\x83\xb3\xe3\x81\x8c\xe6\xb1\xba\xe5\xae\x9a\xef\xbc\x81\n\xe6\x9c\x80\xe5\xbe\x8c\xe3\x81\xbe\xe3\x81\xa7\xe3\x81\x94\xe8\xa6\xa7\xe3\x81\x8f\xe3\x81\xa0\xe3\x81\x95\xe3\x81\x84\n\n\xe3\x83\x81\xe3\x82\xb1\xe3\x83\x83\xe3\x83\x88\xe4\xba\x88\xe2\x80\xa6'
52,317223246,2023-02-13 19:47:50+00:00,b'@mikebrownv1 this is an insane fever dream'
54,2928867656,2023-02-13 19:47:42+00:00,b'RT @shawn_pelecon: SF Bay area: Turkish American Assoc is collecting for earthquake relief. In East Bay call 510-684-6630: \nBlankets\nTents\xe2\x80\xa6'
55,748642928466198529,2023-02-13 19:47:40+00:00,"b'RT @ImageComics: Ed Brubaker &amp; @seanpphillips\' ""NIGHT FEVER is like a drug-fueled trip through the streets of France, but it\'s also so much\xe2\x80\xa6'"
56,205365030,2023-02-13 19:47:38+00:00,"b'The ""Holy Herb"" is best known for its ability to relieve respiratory issues like asthma, bronchitis, or seasonal al\xe2\x80\xa6 https://t.co/rr8FSHFl7z'"
57,1295356224825896961,2023-02-13 19:47:32+00:00,b'RT @GalleryJongho: side eye https://t.co/YWScavoLGI'
58,3236586514,2023-02-13 19:47:31+00:00,b'she invented fever dream\nhttps://t.co/rwXBpnQbx2'
59,1372768274,2023-02-13 19:47:30+00:00,"b""@freakedbydubulg Yeah it's my 5th day with fever I'm going insane probably"""
61,1433395878564270080,2023-02-13 19:47:13+00:00,b'RT @lalalimario_m: so they say they slept 3 altogether right? \n\nbut how come Nam does not have any cool fever on her forehead? \xf0\x9f\xa4\x94 https://t.\xe2\x80\xa6'
62,1497477456470548484,2023-02-13 19:46:57+00:00,b'Luka Luka\xe2\x98\x85Night Fever &gt;w&lt;'
63,1601952532099727360,2023-02-13 19:46:55+00:00,b'Just played level 31 of the fast food court on cooking fever https://t.co/m27UdRT9Pb'
64,2974546100,2023-02-13 19:46:52+00:00,b'RT @SchoolBreakin: \xe0\xb8\x81\xe0\xb8\xa3\xe0\xb8\xb0\xe0\xb9\x80\xe0\xb8\x9b\xe0\xb9\x8b\xe0\xb8\xb2 DIY \xe0\xb8\x88\xe0\xb8\xb2\xe0\xb8\x81\xe0\xb8\xab\xe0\xb8\x99\xe0\xb8\xb8\xe0\xb9\x88\xe0\xb8\xa1\xe0\xb9\x86 BALLISTIK BOYZ &amp; PSYCHIC FEVER \xe0\xb9\x83\xe0\xb8\x84\xe0\xb8\xa3\xe0\xb8\xad\xe0\xb8\xa2\xe0\xb8\xb2\xe0\xb8\x81\xe0\xb9\x84\xe0\xb8\x94\xe0\xb9\x89\xe0\xb8\xa3\xe0\xb8\xad\xe0\xb8\x95\xe0\xb8\xb4\xe0\xb8\x94\xe0\xb8\x95\xe0\xb8\xb2\xe0\xb8\xa1\xe0\xb8\x81\xe0\xb8\xb4\xe0\xb8\x88\xe0\xb8\x81\xe0\xb8\xa3\xe0\xb8\xa3\xe0\xb8\xa1\xe0\xb9\x81\xe0\xb8\x88\xe0\xb8\x81\xe0\xb8\x81\xe0\xb8\xa3\xe0\xb8\xb0\xe0\xb9\x80\xe0\xb8\x9b\xe0\xb9\x8b\xe0\xb8\xb2\xe0\xb9\x84\xe0\xb8\x94\xe0\xb9\x89\xe0\xb8\x97\xe0\xb8\xb5\xe0\xb9\x88\xe0\xb9\x81\xe0\xb8\xad\xe0\xb8\x84\xe0\xb8\x97\xe0\xb8\xa7\xe0\xb8\xb4\xe0\xb8\x95\xe0\xb9\x80\xe0\xb8\x95\xe0\xb8\xad\xe0\xb8\xa3\xe0\xb9\x8c\xe0\xb8\x82\xe0\xb8\xad\xe0\xb8\x87\xe0\xb8\xa3\xe0\xb8\xb2\xe0\xb8\xa2\xe0\xb8\x81\xe0\xb8\xb2\xe0\xb8\xa3\xe0\xb9\x80\xe0\xb8\xa5\xe0\xb8\xa2!\xe2\x80\xa6'
67,1038547566277709824,2023-02-13 19:46:29+00:00,b'RT @MrBlingBling007: Today: 13 February 2023\n\nEquatorial Guinea confirms first-ever #Marburg virus outbreak \nhttps://t.co/ijEvbI5ptf\n\nFlash\xe2\x80\xa6'
68,187865720,2023-02-13 19:46:24+00:00,"b""We been know ole' Bill got that yellow fever \n\nCan't blame him, I'd be jumping chairs for Connie Chung too https://t.co/J6rAl5QxeX"""
71,1137675898432479233,2023-02-13 19:46:11+00:00,"b'\xd0\x9a\xd0\xbe\xd0\xb3\xd0\xb4\xd0\xb0 \xd1\x8f \xd1\x81\xd1\x82\xd0\xb0\xd0\xbd\xd1\x83 \xd0\xbf\xd1\x80\xd0\xb5\xd0\xb7\xd0\xb8\xd0\xb4\xd0\xb5\xd0\xbd\xd1\x82\xd0\xbe\xd0\xbc \xd0\xa0\xd0\xbe\xd1\x81\xd1\x81\xd0\xb8\xd0\xb8, \xd0\xb2\xd1\x81\xd0\xb5 \xd0\xbf\xd0\xb0\xd1\x86\xd0\xb0\xd0\xbd\xd1\x8b \xd0\xb1\xd1\x83\xd0\xb4\xd1\x83\xd1\x82 \xd0\xbf\xd0\xbe\xd0\xbb\xd1\x83\xd1\x87\xd0\xb0\xd1\x82\xd1\x8c \xd0\xb5\xd0\xb6\xd0\xb5\xd0\xb4\xd0\xbd\xd0\xb5\xd0\xb2\xd0\xbd\xd0\xbe\xd0\xb5 \xd0\xbf\xd0\xbe\xd1\x81\xd0\xbe\xd0\xb1\xd0\xb8\xd0\xb5 \xd0\xb2 \xd0\xb2\xd0\xb8\xd0\xb4\xd0\xb5 \xd0\xb1\xd1\x83\xd1\x82\xd1\x8b\xd0\xbb\xd0\xba\xd0\xb8 \xd0\xbf\xd0\xb8\xd0\xb2\xd0\xb0 \xd0\xb8 \xd0\xb1\xd0\xb0\xd0\xbd\xd0\xba\xd0\xb8 \xd1\x82\xd1\x83\xd1\x88\xd0\xb5\xd0\xbd\xd0\xba\xd0\xb8\xe2\x80\xa6 https://t.co/WmPrqejFwH'"
72,1388834313525940233,2023-02-13 19:46:06+00:00,b'remember when we call watched the bubble for pedro and it was a fever dream of a movie'
73,1056898408882024448,2023-02-13 19:45:54+00:00,b'*daycare calling*\nOh fuck what did my bad ass little kid do now\n*he has a 102 fever*\nMY POOR SWEET BABY \xf0\x9f\x98\xad\xf0\x9f\x98\xad\xf0\x9f\x98\xad I WILL BE RIGHT THERE'
76,573395622,2023-02-13 19:45:36+00:00,b'@steelcitychamp_ it doesnt even feel real. feels like a fever dream lol'
77,1005745266278981632,2023-02-13 19:45:30+00:00,b'RT @SeayaSPL: SEAYA GOT SECOND GAMMA IN 20XX SERIES 4 !! \xf0\x9f\x90\x8a\xf0\x9f\x90\x8a\n@elibvnspam sick with a fever and coughing\n@VeemoLikesSpoon splatfest grinder x\xe2\x80\xa6'
83,267698050,2023-02-13 19:45:18+00:00,"b'RT @alifewithallah: Brotherhood\n\nThe Messenger of Allah \xef\xb7\xba said: \xe2\x80\x9cThe parable of the believers in their affection, mercy, and compassion for\xe2\x80\xa6'"
84,1107665526409568257,2023-02-13 19:45:12+00:00,b'@dyingscribe poe how do you find this shit or does it just come to you in a fever dream'
85,1228611357198749697,2023-02-13 19:45:07+00:00,b'@AltcoinSherpa Yes but in almost 40\xc2\xb0C fever'
87,2261829876,2023-02-13 19:44:41+00:00,b'What a Match. High fever main jub ap ko itni tens match dekhna paray you can imagine. Thankfully we Won.\xe2\x80\xa6 https://t.co/rEbJsb2m0d'
88,381905813,2023-02-13 19:44:29+00:00,b'normally my level of excitement for baseball hits a fever pitch the day after the Super Bowl.\n\nAnnouncing the extra\xe2\x80\xa6 https://t.co/mFtZozGZCg'
90,3427305658,2023-02-13 19:44:22+00:00,b'\xe2\x99\xa5\xef\xb8\x8f\xe2\x99\xa5\xef\xb8\x8f https://t.co/PZvpu6Ztk7'
91,449878452,2023-02-13 19:44:20+00:00,b'Like the fever is at all time high \xf0\x9f\x98\xad'
92,1363558308586680321,2023-02-13 19:44:12+00:00,b'i feel liek throwinf uo and my stomach hurts this is like a fever dream https://t.co/aFiysjrYxL'
94,1362817452862750725,2023-02-13 19:44:03+00:00,b'@sofizamolo The team is trying to do Dejavu. Its instant price is behind Ath 100x. now aim for Ath and aim to get h\xe2\x80\xa6 https://t.co/0Jt9PXWNAh'
95,1069285361761824768,2023-02-13 19:43:59+00:00,"b'RT @EFR12Radio: The #BenidormFest2023 \xf0\x9f\x87\xaa\xf0\x9f\x87\xb8 Fever is not over, #Nochentera by #Vicco is in the charts! \xf0\x9f\x99\x82\nAnd guess what! +7 for #QuieroArder b\xe2\x80\xa6'"
100,1381591077199691781,2023-02-13 19:43:48+00:00,b'\xf0\x9f\x94\x9f I have been stuck in my place for 11 days with a stupid upper respiratory infection/postviral bronchitis situatio\xe2\x80\xa6 https://t.co/ZNhrZRyCHh'
101,1362817452862750725,2023-02-13 19:43:46+00:00,b'@theRealKiyosaki The team is trying to do Dejavu. Its instant price is behind Ath 100x. now aim for Ath and aim to\xe2\x80\xa6 https://t.co/hod9z5IHKf'
105,970896133416505345,2023-02-13 19:43:38+00:00,b'@Himmapaan I get skin splitting after hand washing many times with soap. Try to wash fever times. Also wear gloves\xe2\x80\xa6 https://t.co/QARvFog0US'
107,896575432807657477,2023-02-13 19:43:17+00:00,"b'RT @PalayeRoyale: \xe2\x80\x9cFollow me into this Fever Dream. We can be anything and everything.\xe2\x80\x9d\n\nFever Dream Tour 2023 \n\nLondon, England \xf0\x9f\x87\xac\xf0\x9f\x87\xa7 https:/\xe2\x80\xa6'"
110,1362817452862750725,2023-02-13 19:43:03+00:00,b'@MonstersCoins The team is trying to do Dejavu. Its instant price is behind Ath 100x. now aim for Ath and aim to ge\xe2\x80\xa6 https://t.co/kUfLokge1N'
116,1291873997668454411,2023-02-13 19:42:44+00:00,b'thermometer? bestie are you having a fever? is that why you\xe2\x80\x99re talking so much shit lately? is your brain dying? https://t.co/3B2Xvl1oVi'
117,627061365,2023-02-13 19:42:43+00:00,b'@FrogPrinceDark Thought I was getting another kidney stone but after having a fever and a bunch of other symptoms c\xe2\x80\xa6 https://t.co/jV67UCYuO8'
118,1567570807022358529,2023-02-13 19:42:38+00:00,b'@clmdsl_ first one is Drunk-Dazed and last one is Fever (enhypen) idk the second one'
119,89074035,2023-02-13 19:42:35+00:00,b'@Medical_Nemesis he got a fever and died\nabove is mentioned a lot in the old times before 1940 about the end of old\xe2\x80\xa6 https://t.co/riyMoOeBHF'
121,859392421,2023-02-13 19:42:33+00:00,b'@TarlosRoundup Just as bad as Ronen \xf0\x9f\x98\xad'
122,2939014306,2023-02-13 19:42:21+00:00,"b""@LuxieGames What's the male equivalent of baby fever?  Cuz I have it bad now."""
123,120726811,2023-02-13 19:42:19+00:00,"b'@Sarasearching Yeah, I\xe2\x80\x99m fine thanks. Just made me realise I had been pushing too hard. Partly no choice with husba\xe2\x80\xa6 https://t.co/bVjElBfbd5'"
124,1362817452862750725,2023-02-13 19:42:05+00:00,b'@MrBigWhaleREAL The team is trying to do Dejavu. Its instant price is behind Ath 100x. now aim for Ath and aim to g\xe2\x80\xa6 https://t.co/MxkRfUMlbJ'
126,3716758883,2023-02-13 19:41:59+00:00,b'We actually do @isaacandersonuk please. Come back to us. Paris was a fever dream https://t.co/SBVFA9eTwv'
128,1362817452862750725,2023-02-13 19:41:35+00:00,b'@bscwhalegems The team is trying to do Dejavu. Its instant price is behind Ath 100x. now aim for Ath and aim to get\xe2\x80\xa6 https://t.co/AGXqUZjz7w'
130,1533424632828637184,2023-02-13 19:41:32+00:00,b'@MinahilMubarak fever \nbody pain\nthroat lock\nbreathing problem old h\n\ndr said k anxiety nd tension bht ha\nstress zi\xe2\x80\xa6 https://t.co/Tpzh1cAsaw'
133,1568666004124737544,2023-02-13 19:41:30+00:00,b'Me apaixonei pelo brinde da kpop fever \xf0\x9f\xa5\xb9 https://t.co/LPL8HzWGcM'
134,1549675450045177856,2023-02-13 19:41:28+00:00,b'@C_NyaKundiH Fever is what the clinician elicits from the patient.. a sign felt on examination. So the patient repo\xe2\x80\xa6 https://t.co/rPqTQzcyMf'
135,1576651209183838208,2023-02-13 19:41:25+00:00,b'@minsangcore Really feels like a fever dream that it happened. An icon for the history books of TinyTown'
136,899710975,2023-02-13 19:41:22+00:00,b'@abdoulkaura @SuleimanZakie Sailor is down with a fever I think'
138,814995058994900993,2023-02-13 19:41:08+00:00,"b'RT @vidsthatgohard: Fuck it, Rihanna\xe2\x80\x99s entire Super Bowl performance \xf0\x9f\x94\xa5https://t.co/5lgm8uYB06'"
139,1362817452862750725,2023-02-13 19:41:06+00:00,b'@ChinaPumpWXC The team is trying to do Dejavu. Its instant price is behind Ath 100x. now aim for Ath and aim to get\xe2\x80\xa6 https://t.co/GqOE5lBiwk'
140,16104602,2023-02-13 19:41:01+00:00,"b'The solo project of the Knife\xe2\x80\x99s Karin Dreijer, Fever Ray brings their blend of shapeshifting electronic pop and stu\xe2\x80\xa6 https://t.co/qJEIw0aTyV'"
142,1512669518010765314,2023-02-13 19:40:40+00:00,b'@CharlieJoshi3 Thank you Charlie! I was drinking smoothies when I still had the fever but ice cream does sound pretty good!'
143,1596434683528679425,2023-02-13 19:40:38+00:00,b'do anyone know how many more cals u burn when u have a fever?'
144,756713112,2023-02-13 19:40:36+00:00,"b""It's transmitted through contact with bodily fluids or tissues of infected animals or humans. The disease has an in\xe2\x80\xa6 https://t.co/V5rmRGLEW4"""
145,756713112,2023-02-13 19:40:35+00:00,"b""A brief explainer on the Marburg virus: It's a highly infectious and deadly filovirus (similar to Ebola virus) that\xe2\x80\xa6 https://t.co/pS03ZSr4pJ"""
148,14703547,2023-02-13 19:40:30+00:00,"b'#NowPlaying ""Chest Fever"" by The Band on @TIDAL https://t.co/ifDcMmSwCh'"
150,1054538091724062720,2023-02-13 19:40:16+00:00,b'baby fever'
151,317921906,2023-02-13 19:40:11+00:00,b'Scottish Cup fever they call it! https://t.co/aHEWQzTaBs'
152,1356345240,2023-02-13 19:40:10+00:00,"b""@d_ogera @C_NyaKundiH Looking at the muac and the weight that's  probably a pediatric History, my man expects a 1 a\xe2\x80\xa6 https://t.co/lI5Qq4w4CK"""
153,1590722894019043329,2023-02-13 19:40:02+00:00,b'Now listening: Nazan Grein - Brutal Tacky Fever'
155,23197256,2023-02-13 19:39:52+00:00,b'@TRyanGregory Take a look at the history of childbed/puerperal fever and how long it took to convince doctors to wa\xe2\x80\xa6 https://t.co/5C2LdVVSNN'
157,760254075145420800,2023-02-13 19:39:35+00:00,b'@EuanYours Bingo. Right out of the mob mentality playbook.\n\nPUSH\nPick a minority group\nUse existing ignorance/biase\xe2\x80\xa6 https://t.co/yftgfxw6Eh'
159,1317008538766659584,2023-02-13 19:39:28+00:00,"b'RT @Nig_Farmer: This is used in the farm house to cure fever, cold, cough, nasal congestion and catarrh.\n\nYou sleep with it and by the time\xe2\x80\xa6'"
160,269446260,2023-02-13 19:39:26+00:00,"b""RT @mhdksafa: I'm not offended by people believing in god. I'm offended by believers force others to live by the rules of the god they beli\xe2\x80\xa6"""
161,1362817452862750725,2023-02-13 19:39:20+00:00,b'@ChinaPumpWXC The team is trying to do Dejavu. Its instant price is behind Ath 100x. now aim for Ath and aim to get\xe2\x80\xa6 https://t.co/tv1h7Yay9Q'
163,1351047452,2023-02-13 19:38:54+00:00,b'I have baby fever bad bad'
165,77316230,2023-02-13 19:38:50+00:00,b'@PleasantPups 105 fever that wouldnt crack'
166,7765022,2023-02-13 19:38:44+00:00,"b'RT @TrishCarey: As ChatGPT hype hits fever pitch, Neeva launches its generative AI search engine internationally | TechCrunch https://t.co/\xe2\x80\xa6'"
168,1143493391046651904,2023-02-13 19:38:27+00:00,b'RT @GWiththevibes: Baby fever is at an all time high.'
171,2231730499,2023-02-13 19:38:11+00:00,b'My poor baby keeps getting a fever'
172,3420711525,2023-02-13 19:38:08+00:00,b'@C_NyaKundiH Can the fool just define fever for a start?'
175,40717489,2023-02-13 19:37:54+00:00,b'#BarackObama used the 1917 #EspionageAct to declare war on reporters &amp; #JoeBiden is continuing to undermine\xe2\x80\xa6 https://t.co/uylkvkhfyu'
176,1518603655766716421,2023-02-13 19:37:49+00:00,b'@Sarcasmcat24 Fupas are birth control'
177,1070290964,2023-02-13 19:37:46+00:00,b'@starfess Enhypen - fever'
178,228873328,2023-02-13 19:37:40+00:00,"b'you don\xe2\x80\x99t have Rihanna money, you can\xe2\x80\x99t have another baby right now. Ignore your baby fever Tamia. https://t.co/orLeY2DE8D'"
179,1559980489167228928,2023-02-13 19:37:37+00:00,b'RT @mitiyali: D~ 8 garvit ko fever and kl exam h uska\xf0\x9f\x98\xb0|| bought something for a challe... https://t.co/GcMyiWC8AV via @YouTube'
180,1409922450188648450,2023-02-13 19:37:33+00:00,b'RT @mkoyukitty: CABIN FEVER &gt;&gt;&gt;&gt;&gt;&gt;&gt;'
181,1330687662,2023-02-13 19:37:31+00:00,"b'When I was a flight instructor, our flight school would do periodic safety stand downs after several close calls or\xe2\x80\xa6 https://t.co/d3hNR84TK0'"
182,1327095219230224385,2023-02-13 19:37:15+00:00,b'RT @ezdijon: never in my life have I experienced baby fever and for that I am blessed'
184,1518603655766716421,2023-02-13 19:37:14+00:00,b'A Woke Hollywood Revolution https://t.co/UvqIORxk9X via @YouTube'
185,973711152,2023-02-13 19:37:13+00:00,"b'RT @AnshumanSail: Congress fever in Telangana.\n\nOn day 6 of the Haath Se Haath Jodo Padyatra, Telangana Congress Chief Sh. Revanth Reddy de\xe2\x80\xa6'"
186,396935812,2023-02-13 19:37:12+00:00,b'Postal on a Nintendo console feels like some unhinged fever dream. https://t.co/7P9YchX6Wi'
187,4106777188,2023-02-13 19:37:06+00:00,b'sim estudo franc\xc3\xaas para cantar a parte de fever'
193,554374681,2023-02-13 19:36:36+00:00,"b""@TreeTherapeutic @MdBreathe My dh &amp; are 67, we've had 2 resp viral illnesses in a year, no clue what it was but we\xe2\x80\xa6 https://t.co/SWUStTaI3y"""
199,788513072805797888,2023-02-13 19:36:22+00:00,b'I am utterly Intrigued by artworks of incredibly sick characters- like one artist I like on here draws nothing but\xe2\x80\xa6 https://t.co/JQnfqYouwY'
201,12949672,2023-02-13 19:36:18+00:00,b'It\xe2\x80\x99s that glorious time of the year in Austin when Cedar Fever overlaps with Oscar Fever. Is there one med that\xe2\x80\x99ll take care of them both?'
202,1216079629989052419,2023-02-13 19:36:17+00:00,"b""it still feels like a fever dream, I've been on life support past 3 years https://t.co/i8zYIlRPTH"""
204,1352666610914516994,2023-02-13 19:36:00+00:00,b'Lmfaoo nominations fever is making them sleep\xf0\x9f\x98\x82\xf0\x9f\x98\x82\xf0\x9f\x98\x82\xf0\x9f\x98\x82 #BBTitans'
205,1553809465152905216,2023-02-13 19:35:57+00:00,b'@LarsLarsonShow Cat Scratch Fever  Ted Nuge? https://t.co/ktUO8JCcoJ'
207,521787892,2023-02-13 19:35:54+00:00,b'@kaiisline Bieber Fever was definitely a thing.'
210,894020657473880064,2023-02-13 19:35:50+00:00,b'Best fever dream ever https://t.co/Sqlbv0VfmT'
211,295634803,2023-02-13 19:35:49+00:00,"b'RT @ScotlandSky: \xf0\x9f\x8f\x86 ""\xc9\xaa\'\xe1\xb4\xa0\xe1\xb4\x87 \xca\x9c\xe1\xb4\x80\xe1\xb4\x85 \xe1\xb4\x8d\xca\x8f \xca\x9c\xe1\xb4\x80\xc9\xb4\xe1\xb4\x85\xea\x9c\xb1 \xe1\xb4\x8f\xc9\xb4 \xc9\xaa\xe1\xb4\x9b \xe1\xb4\x9b\xe1\xb4\x8f\xe1\xb4\x85\xe1\xb4\x80\xca\x8f \xe1\xb4\x80\xc9\xb4\xe1\xb4\x85 \xc9\xaa \xe1\xb4\xa1\xe1\xb4\x80\xc9\xb4\xe1\xb4\x9b \xc9\xaa\xe1\xb4\x9b \xe1\xb4\x80\xc9\xa2\xe1\xb4\x80\xc9\xaa\xc9\xb4 \xc9\xaa\xc9\xb4 \xe1\xb4\x8d\xe1\xb4\x80\xca\x8f \xe1\xb4\x80\xe1\xb4\x9b \xca\x9c\xe1\xb4\x80\xe1\xb4\x8d\xe1\xb4\x98\xe1\xb4\x85\xe1\xb4\x87\xc9\xb4 \xe1\xb4\xa1\xc9\xaa\xe1\xb4\x9b\xca\x9c \xe1\xb4\x9b\xca\x9c\xe1\xb4\x87 \xca\x99\xca\x9f\xe1\xb4\x9c\xe1\xb4\x87 \xe1\xb4\x80\xc9\xb4\xe1\xb4\x85 \xe1\xb4\xa1\xca\x9c\xc9\xaa\xe1\xb4\x9b\xe1\xb4\x87 \xca\x80\xc9\xaa\xca\x99\xca\x99\xe1\xb4\x8f\xc9\xb4\xea\x9c\xb1 \xe1\xb4\x8f\xc9\xb4 \xc9\xaa\xe1\xb4\x9b!""\n\nScottish C\xe2\x80\xa6'"
212,1441074795416850434,2023-02-13 19:35:46+00:00,"b'once again i got fever, and once again as every feverish state i go through i just want to be spooned:/'"
217,307809231,2023-02-13 19:35:26+00:00,b'RT @crissmix_: so i was screen recording tessa\xe2\x80\x99s story this morning and forgot my music was coming from my phone and well\nhere\xe2\x80\x99s 7 seconds\xe2\x80\xa6'
218,1409922450188648450,2023-02-13 19:35:25+00:00,"b'RT @whatthekpop1: #PURPLE_KISS releases the second MV teaser for ""Sweet Juice"" from their 5th mini album \'Cabin Fever\'. #kpop \n\nhttps://t.c\xe2\x80\xa6'"
219,968943775648161793,2023-02-13 19:35:24+00:00,"b'RT @laphamsquart: \xe2\x80\x9cThere are no two suns in the sky, and there are never two lords on earth. But in this palace Your Majesty\xe2\x80\x99s images are s\xe2\x80\xa6'"
223,1624164814065917973,2023-02-13 19:35:05+00:00,"b""RT @deliorie: It's time for another challenge. I'll be giving free can badge in my school tomorrow. All they need to do is just follow @eth\xe2\x80\xa6"""
224,225270907,2023-02-13 19:34:54+00:00,b'I will never understand how a \xe2\x80\x9cmother\xe2\x80\x9d can refuse to take the kids to the doctor while theyre running a fever and o\xe2\x80\xa6 https://t.co/HpoXKHu4c9'
225,1447676712423026696,2023-02-13 19:34:48+00:00,b'RT @npkp_s: \xe0\xb9\x80\xe0\xb8\xa3\xe0\xb8\xb7\xe0\xb9\x88\xe0\xb8\xad\xe0\xb8\x87\xe0\xb9\x80\xe0\xb8\x9b\xe0\xb9\x8a\xe0\xb8\x9b\xe0\xb8\x8b\xe0\xb8\xb5\xe0\xb9\x88 \xe0\xb8\xa1\xe0\xb8\xb5\xe0\xb8\xad\xe0\xb8\xb5\xe0\xb8\x81\xe0\xb8\xad\xe0\xb8\xb1\xe0\xb8\x99\xe0\xb8\x97\xe0\xb8\xb5\xe0\xb9\x88\xe0\xb8\xad\xe0\xb8\xa2\xe0\xb8\xb9\xe0\xb9\x88\xe0\xb9\x83\xe0\xb8\x81\xe0\xb8\xa5\xe0\xb9\x89\xe0\xb9\x86\xe0\xb8\x9a\xe0\xb9\x89\xe0\xb8\xb2\xe0\xb8\x99\xe0\xb9\x80\xe0\xb8\xa3\xe0\xb8\xb2\xe0\xb9\x81\xe0\xb8\x95\xe0\xb9\x88\xe0\xb9\x80\xe0\xb8\x9e\xe0\xb8\xb4\xe0\xb9\x88\xe0\xb8\x87\xe0\xb9\x80\xe0\xb8\x84\xe0\xb8\xa2\xe0\xb9\x84\xe0\xb8\x94\xe0\xb9\x89\xe0\xb8\xa2\xe0\xb8\xb4\xe0\xb8\x99\nTW : \xe0\xb9\x80\xe0\xb8\xa3\xe0\xb8\xb7\xe0\xb9\x88\xe0\xb8\xad\xe0\xb8\x87\xe0\xb8\x99\xe0\xb8\xb5\xe0\xb9\x89\xe0\xb8\xa1\xe0\xb8\xb5\xe0\xb8\x84\xe0\xb8\x99\xe0\xb8\x95\xe0\xb8\xb2\xe0\xb8\xa2\n\xe0\xb9\x80\xe0\xb8\xab\xe0\xb8\x95\xe0\xb8\xb8\xe0\xb9\x80\xe0\xb8\x81\xe0\xb8\xb4\xe0\xb8\x94\xe0\xb8\x97\xe0\xb8\xb5\xe0\xb9\x88\xe0\xb8\x9f\xe0\xb8\xb4\xe0\xb8\xa5\xe0\xb8\xb4\xe0\xb8\x9b\xe0\xb8\x9b\xe0\xb8\xb4\xe0\xb8\x99\xe0\xb8\xaa\xe0\xb9\x8c \xe0\xb9\x80\xe0\xb8\x9b\xe0\xb9\x8a\xe0\xb8\x9b\xe0\xb8\x8b\xe0\xb8\xb5\xe0\xb9\x88\xe0\xb8\x95\xe0\xb9\x89\xe0\xb8\xad\xe0\xb8\x87\xe0\xb8\x81\xe0\xb8\xb2\xe0\xb8\xa3\xe0\xb8\x9a\xe0\xb8\xb8\xe0\xb8\x81\xe0\xb8\x95\xe0\xb8\xa5\xe0\xb8\xb2\xe0\xb8\x94\xe0\xb8\xaa\xe0\xb8\xb8\xe0\xb8\x94\xe2\x80\xa6'
227,83665853,2023-02-13 19:34:43+00:00,"b'\xe2\x80\x9cThere are no two suns in the sky, and there are never two lords on earth. But in this palace Your Majesty\xe2\x80\x99s images\xe2\x80\xa6 https://t.co/os576IL474'"
228,233070159,2023-02-13 19:34:38+00:00,b'@MtShastaWriter strep throat? You might be able to get a strep test at a pharmacy. Low BP is concerning. Does he have a fever?'
229,1922822563,2023-02-13 19:34:32+00:00,"b'Beautify Sadly Fever, torment, black, Arrived,\n\xd8\x9f?\n\xd9\x86\xd9\x85\xd8\xb4\xdb\x92\n\n\xf0\x9f\x94\xb9H80\xf0\x9f\x94\xb9\n\xf0\x9f\x94\xb9H80\xf0\x9f\x94\xb9\n\xf0\x9f\x94\xb9H80\xf0\x9f\x94\xb9'"
232,893692405022642176,2023-02-13 19:34:22+00:00,b'RT @30vocamusic: luka luka night fever - samfree https://t.co/f1agQ3DIo5'
235,1311413047655911424,2023-02-13 19:34:11+00:00,b'RT @KpopperFanmulti: #PURPLE_KISS 5th Mini Album \n[Cabin Fever]\n2023.02.15 \n\n\xf0\x9f\x8e\xa5\xf0\x9f\x8e\xa7 HIGHLIGHT MEDLEY \n\xe2\x96\xab https://t.co/Me0D9npb2n \xe2\x96\xab\n\n#5th_Mini_Al\xe2\x80\xa6'
236,1262341649553854465,2023-02-13 19:34:08+00:00,b'@evermoreloverrr Lemon boy - cavetown\nFever dream - palaye royale\nEverybody hurts - avril lavigne\nAberdeen - cage the elephant'
238,1548307503670120448,2023-02-13 19:34:03+00:00,b'@tomseus It kinda felt like a fever dream lmao'
242,1317097114632028160,2023-02-13 19:33:39+00:00,b'RT @Pimpisa65: \xe0\xb8\x81\xe0\xb8\xa5\xe0\xb8\xb1\xe0\xb8\x9a\xe0\xb8\x9a\xe0\xb9\x89\xe0\xb8\xb2\xe0\xb8\x99\xe0\xb9\x81\xe0\xb8\xa5\xe0\xb9\x89\xe0\xb8\xa7\xe0\xb8\xa1\xe0\xb8\xb2\xe0\xb8\xaa\xe0\xb8\xb9\xe0\xb9\x88\xe0\xb8\xad\xe0\xb9\x89\xe0\xb8\xad\xe0\xb8\xa1\xe0\xb8\x81\xe0\xb8\xad\xe0\xb8\x94\xe0\xb8\xa1\xe0\xb8\xb0\xe0\xb8\xa1\xe0\xb8\xb5\xe0\xb9\x88 \xe0\xb8\xae\xe0\xb8\xb1\xe0\xb8\x99\xe0\xb8\x99\xe0\xb8\xb5\xe0\xb9\x89\xe0\xb8\x99\xe0\xb8\xb0\xe0\xb8\x84\xe0\xb8\xb0 \xf0\x9f\x92\x96\xe0\xb8\xa5\xe0\xb8\xb9\xe0\xb8\x81\xe0\xb8\x9b\xe0\xb9\x88\xe0\xb8\xa7\xe0\xb8\xa2\xe0\xb8\x84\xe0\xb8\xb9\xe0\xb9\x88\xe0\xb9\x80\xe0\xb8\xa5\xe0\xb8\xa2\xe0\xb9\x80\xe0\xb8\x94\xe0\xb9\x87\xe0\xb8\x81\xe0\xb9\x86\xe0\xb9\x86cool fever \xe0\xb8\x84\xe0\xb8\xb9\xe0\xb9\x88\xe0\xb9\x80\xe0\xb8\xa5\xe0\xb8\xa2\xe0\xb8\xa5\xe0\xb8\xb9\xe0\xb8\x81 get well soon na Have a safe flight\xe2\x9c\x88\xef\xb8\x8f take\xe2\x80\xa6'
244,745271615202689024,2023-02-13 19:33:29+00:00,b'RT @AsabereKevin: @quame_age @richie_alone @M__ofosu Lol. Last year they were extorting $30 from us for a yellow fever card . I refused to\xe2\x80\xa6'
245,1230333293121490944,2023-02-13 19:33:28+00:00,b'@MoistenedTart I had zero reaction to the main one or any of the follow ups \xe2\x80\xa6 I know lots of people that had sympto\xe2\x80\xa6 https://t.co/ECUzF3K4WO'
247,1603247557441949698,2023-02-13 19:33:12+00:00,b'Every one on twt got a lil bit of yellow fever like just a little bit i said it i said it'
250,1137675898432479233,2023-02-13 19:32:59+00:00,b'@nejiazza \xd0\x91\xd0\xbb\xd1\x8f \xd0\xbc\xd0\xbd\xd0\xb5 \xd0\xbd\xd0\xb0\xd0\xb4\xd0\xbe \xd0\xbf\xd0\xbe\xd0\xbb\xd0\xbd\xd0\xbe\xd0\xbc\xd0\xb5\xd1\x82\xd1\x80\xd0\xb0\xd0\xb6\xd0\xba\xd0\xb8 \xd0\xbf\xd0\xbe \xd0\xbd\xd0\xb5\xd0\xbc\xd1\x83 \xd0\xbf\xd0\xbe\xd1\x81\xd0\xbc\xd0\xbe\xd1\x82\xd1\x80\xd0\xb5\xd1\x82\xd1\x8c'
251,1325496943586447366,2023-02-13 19:32:57+00:00,b'RT @yejinie289: Hee On Stage \xf0\x9f\x98\x8e\n\n#HEESEUNG #FEVER #ENHYPEN_HEESEUNG #\xec\x9d\xb4\xed\x9d\xac\xec\x8a\xb9 #\xec\x97\x94\xed\x95\x98\xec\x9d\xb4\xed\x94\x88_\xed\x9d\xac\xec\x8a\xb9 #\xed\x9d\xac\xec\x8a\xb9 #\xe3\x83\x92\xe3\x82\xb9\xe3\x83\xb3 #\xe6\x9d\x8e\xe7\xbe\xb2\xe6\x89\xbf @ENHYPEN_members https://t.co/3Ac5JIaNoj'
253,929404892594212869,2023-02-13 19:32:51+00:00,b'Rihanna performing last night was like a fever dream'
262,1329072523498057728,2023-02-13 19:32:27+00:00,b'My baby gives me baby fever \xf0\x9f\x98\x8d\xf0\x9f\x98\x8d'
267,867451252594159616,2023-02-13 19:32:18+00:00,b'this has to be a fever dream'
269,1539939441531297793,2023-02-13 19:31:57+00:00,"b'RT @IbraahimSaani: Assalamu alaykum, There is an ongoing diphtheria outbreak in kano, kindly take any patient with complaints of sore throa\xe2\x80\xa6'"
270,1337478583,2023-02-13 19:31:48+00:00,"b""Maybe it is just me....but when it gets in the 40's in February....kind of feels warm....I have Spring Fever pretty bad I guess....."""
272,2880376206,2023-02-13 19:31:38+00:00,"b'RT @cbcwatcher: ""The abating of the pandemic seems unlikely to curb the centralist fever. In Canada, the federal gov\'t continues to seek mo\xe2\x80\xa6'"
275,1460328282415669260,2023-02-13 19:31:21+00:00,b'@blondemedSJW Totally anectdotal but I swear it seemed like in kids - n/v arrived about 24 hours before fever and pain.'
279,1118850470125232128,2023-02-13 19:31:12+00:00,b'@MrLubin Auntie/Godmother fever*'
283,795319049097986050,2023-02-13 19:30:54+00:00,b'@bruno_KUg I almost thought I had developed fever. \xf0\x9f\xa4\xa0\xf0\x9f\x98\x8c'
284,118595611,2023-02-13 19:30:52+00:00,"b'Tonight\xe2\x80\x99s sleep was way better. No more fever. Thank you, Lord! \xf0\x9f\x99\x8f\xf0\x9f\x8f\xbc Get well real soon anak \xf0\x9f\x98\x8d\xf0\x9f\xa5\xb0'"
286,984223783094554626,2023-02-13 19:30:32+00:00,b'@tarlos_fever He doesn\xe2\x80\x99t care about our feelings\xf0\x9f\x98\x82\xf0\x9f\x98\xad'
291,1362817452862750725,2023-02-13 19:30:17+00:00,b'@DaCryptoPirates The team is trying to do Dejavu. Its instant price is behind Ath 100x. now aim for Ath and aim to\xe2\x80\xa6 https://t.co/VTL3I78xXQ'
292,4788500428,2023-02-13 19:30:12+00:00,b'RT @winkskeeper__: She really is she give me baby fever so bad \xf0\x9f\x98\x8d\xf0\x9f\x98\x8d\xf0\x9f\x98\x8d'
293,1617750183370018818,2023-02-13 19:30:02+00:00,b'She really is she give me baby fever so bad \xf0\x9f\x98\x8d\xf0\x9f\x98\x8d\xf0\x9f\x98\x8d https://t.co/qe6ncVEReW'
294,223464375,2023-02-13 19:30:01+00:00,b'Ya stop putting that baby fever stuff on my TL \xf0\x9f\x98\xad\xf0\x9f\xa5\xb9'
296,20031730,2023-02-13 19:29:58+00:00,b'@catatonicyouths This feels like a @nathanrabin fever dream.'
297,38632713,2023-02-13 19:29:56+00:00,"b'@iamtheaardvark I had one of those last year - 18 hours of feeling like absolute death, took to my bed with a fever\xe2\x80\xa6 https://t.co/2tRo2USVYh'"
298,716392584076267520,2023-02-13 19:29:50+00:00,b'RT @MyBBeommie: Feels like fever dream seeing him with barefaced and beard \xf0\x9f\x98\xad\xf0\x9f\x98\xad\xf0\x9f\x98\xad\n\n #JAYB #\xec\xa0\x9c\xec\x9d\xb4\xeb\xb9\x84 @jaybnow_hr https://t.co/c75tCs0QbC'
300,1519177867342405634,2023-02-13 19:29:47+00:00,b'driving in Westlands is a fucking fever dream'
303,851587080056602624,2023-02-13 19:29:32+00:00,b'Today: 13 February 2023\n\nEquatorial Guinea confirms first-ever #Marburg virus outbreak \nhttps://t.co/ijEvbI5ptf\n\nFl\xe2\x80\xa6 https://t.co/mkZgSAVVb9'
304,1529413579,2023-02-13 19:29:31+00:00,"b'Resolutions. Squirms. Tools. demands. Fever, destructed\n\xd8\x9f?\n\xd9\x86\xd9\x85\xd8\xb4\xdb\x92\n\n\xf0\x9f\x94\xb9H122\xf0\x9f\x94\xb9\n\xf0\x9f\x94\xb9H122\xf0\x9f\x94\xb9\n\xf0\x9f\x94\xb9H122\xf0\x9f\x94\xb9'"
306,1348172625202221058,2023-02-13 19:29:28+00:00,"b'RT @ppllhh309: Tissue, inhaler, cool fever pack\n\nGAP Debutante BKK - Saint/P Chen interview [engsub]\nhttps://t.co/u3YeE7ZikG'"
309,1362817452862750725,2023-02-13 19:29:19+00:00,b'@cz_binance @coinmamba The team is trying to do Dejavu. Its instant price is behind Ath 100x. now aim for Ath and a\xe2\x80\xa6 https://t.co/2uXQg88COl'
312,1431632191797219335,2023-02-13 19:29:05+00:00,b'this feels like a fever dream https://t.co/PIUu09BvKe'
316,1000619841965973504,2023-02-13 19:28:47+00:00,"b""RT @PURPLEKISSBRA: [\xf0\x9f\x93\xa2] De acordo com artigo, Youngji do KARA ser\xc3\xa1 a MC do showcase de 'Cabin Fever'.\n\nEla tamb\xc3\xa9m foi a MC do showcase de 'm\xe2\x80\xa6"""
319,1594406453305114626,2023-02-13 19:28:36+00:00,b'This fever is clapping my cheeks'
321,1362817452862750725,2023-02-13 19:28:33+00:00,b'@rovercrc The team is trying to do Dejavu. Its instant price is behind Ath 100x. now aim for Ath and aim to get hig\xe2\x80\xa6 https://t.co/7M3Uq0A6RD'
323,224523183,2023-02-13 19:28:27+00:00,b'127.0.0.1 has me back. I was stuck last week. Got better during the weekend but fever rising as I approached the ai\xe2\x80\xa6 https://t.co/uVcwmjW2iz'
324,1059104013914910720,2023-02-13 19:28:23+00:00,b'fever&gt;&gt;&gt;&gt;&gt;'
330,196228637,2023-02-13 19:27:52+00:00,b'@SNEAKERFANDAN The disrespect was rising like a fever'
331,1362817452862750725,2023-02-13 19:27:50+00:00,b'@PROJECPROMOTER The team is trying to do Dejavu. Its instant price is behind Ath 100x. now aim for Ath and aim to g\xe2\x80\xa6 https://t.co/WhzmecyWBS'
332,1146654141659279361,2023-02-13 19:27:44+00:00,b'RT @hala_loretiny: \xf0\x9f\x8d\xaf\xf0\x9f\x8d\x8f\xf0\x9f\x92\xa4 \nDOCUMENT UPDATE\n02/12/23\n\n&gt; Armillary Sphere added to Image Catalogue / Page 9\n\n&gt; New Section: NON-MV BREAKDOWNS /\xe2\x80\xa6'
338,1381484465709576192,2023-02-13 19:27:20+00:00,"b""The fever that comes with tonsillitis is really bad.\nYooh I'm tired"""
339,1362817452862750725,2023-02-13 19:27:17+00:00,b'@GemRadar_ The team is trying to do Dejavu. Its instant price is behind Ath 100x. now aim for Ath and aim to get hi\xe2\x80\xa6 https://t.co/RvrV4H1TwU'
340,180911611,2023-02-13 19:27:02+00:00,b'RT @AutoimmuneChat: Kawasaki disease is an #autoimmune disease that causes vasculitis &amp; mainly affects children under the age of 5.  Sympto\xe2\x80\xa6'
342,942719213424214017,2023-02-13 19:26:47+00:00,b'. @RBW_PURPLEKISS - #Sweet_Juice highlight medley\n\n#PURPLE_KISS #Intro #Cabin_Fever #Save_Me https://t.co/uMjNswbVuL'
345,1440432211539361806,2023-02-13 19:26:44+00:00,b'the mario movie already feels like a fever dream and its not even out yet'
347,1610719507965788172,2023-02-13 19:26:21+00:00,"b'RT @sketchandsus: #tcest \xf0\x9f\xa7\xb5\n#OT4 [rottmnt] Leo-centric. CW: eggpreg, spring/heats, dub-con.\n\nMy brain worm for the day:\nBaby fever Leo, but\xe2\x80\xa6'"
351,1471189389883576321,2023-02-13 19:26:16+00:00,"b'RT @lightofmymoon: Yet To Come in Busan was a fever dream. The moment we went down the subway station to the stadium, it was SEOKJIN LAND.\xe2\x80\xa6'"
352,1292061545258786816,2023-02-13 19:26:15+00:00,b'Freakazoid was a fever dream. https://t.co/MXR8NDqves'
353,986272671863312384,2023-02-13 19:26:07+00:00,"b'all his art posts, the museums posts, his photo dumps\xe2\x80\xa6.. this has to be a fever dream'"
354,1572516770426294275,2023-02-13 19:25:49+00:00,"b""@RVCJ_FB When it's ur chemistry exam and u r having fever of 102 - going with me rn"""
356,1491687276996345859,2023-02-13 19:25:42+00:00,b'baby fever stop torturing me challenge impossible https://t.co/xYmySHtK8g'
358,749959728,2023-02-13 19:25:39+00:00,b'I have fever AGAIN. Why is my immune system sooo shitty \xf0\x9f\x98\xad'
367,1275808114235904003,2023-02-13 19:25:11+00:00,"b'RT @niktaluap: Found these while digging out \xe2\x80\x983 Feet High And Rising\xe2\x80\x99 earlier, the Prescription 12\xe2\x80\x9d has no info bar *Pres103A/Pres103B, and\xe2\x80\xa6'"
372,3490550843,2023-02-13 19:24:52+00:00,"b""RT @Taicho_Munaita: Had to give @OCTOPIZZO his flowers! The Don has been key in Kenya's Hip-hop scene. Wuod Nyaburo is a cultural icon!\nTha\xe2\x80\xa6"""
374,225470835,2023-02-13 19:24:48+00:00,"b""RT @EktaaRKapoor: #FreddyDay\nIt's raining reviews!\n#Freddy fever has taken over! Thank you for the love &amp;\nrecognition\nSTREAMING NOW on @Dis\xe2\x80\xa6"""
375,322280681,2023-02-13 19:24:46+00:00,"b'@JeroenK_MTB @JeremyPowers Okay, I found it. She was asked during a podcast with Maghalie Rochette. Jan 13, 2023 th\xe2\x80\xa6 https://t.co/pEy5QGJ616'"
376,1208585810418839552,2023-02-13 19:24:42+00:00,b'I can feel my Sims fever coming up again. Which one should I play?'
377,333845683,2023-02-13 19:24:38+00:00,"b'I turned to WebMD (https://t.co/tJeqBI7aPo) for the symptoms, just in case I\xe2\x80\x99d missed any.\n\n\xe2\x80\x9cWith gastroenteritis,\xe2\x80\xa6 https://t.co/qTdjwAjZa5'"
379,1278689594490396675,2023-02-13 19:24:34+00:00,"b""Can someone help me out here? The subtitles are illegible (good job, WCAG idiot...), and this ad CREEPS ME OUT. It'\xe2\x80\xa6 https://t.co/8xYSlHJE5b"""
380,1149816132225945603,2023-02-13 19:24:33+00:00,"b'RT @swanlooped: #Cabin_Fever highlight medley, #SWAN live vocals \n\n#\xec\x88\x98\xec\x95\x88 #PURPLEKISS #\xed\x8d\xbc\xed\x94\x8c\xed\x82\xa4\xec\x8a\xa4 #Sweet_Juice https://t.co/k0bxEWoccN'"
382,1392959130365739019,2023-02-13 19:24:30+00:00,b'@anarchofashy he has yellow fever and is bored with the right so he takes a Spencer-esque contrarian stance on ever\xe2\x80\xa6 https://t.co/yIWCSXkyLy'
385,1445960111281741825,2023-02-13 19:24:25+00:00,b'RT @jkoobiez: the fact that this is real and not some crazy fever dream i had https://t.co/83jLsFzgcg'
386,1107963156448448513,2023-02-13 19:24:24+00:00,"b""RT @eunhalilac: gfriend's highest ULs on MelOn\n\nrough, me gustas tu \xe3\x85\xa1 5.3M\ntftmn \xe3\x85\xa1 4.3M\nglass bead \xe3\x85\xa1 3.2M\nlove whisper \xe3\x85\xa1 3M\nsunny summer \xe3\x85\xa1\xe2\x80\xa6"""
388,1231593985040420867,2023-02-13 19:24:10+00:00,"b'nagyon fever dream, hogy 11\xc3\xa9ves koromban \xc3\xb3ri\xc3\xa1si avicii fan voltam'"
389,1248650087703724035,2023-02-13 19:24:07+00:00,b'caught another fever fml'
390,927384697834999814,2023-02-13 19:24:04+00:00,"b'RT @keith_rosson: FIRST CHAPTER OF MY HORROR/CRIME NOVEL, FEVER HOUSE! (Gonna be talking about this book a lot for the next, uh, 8 months o\xe2\x80\xa6'"
394,1117102479630581760,2023-02-13 19:23:54+00:00,"b""RT @Mx_Enhypen: [RECORDATORIO DE STREAM] \xf0\x9f\x93\x8c #ENHYPEN #\xec\x97\x94\xed\x95\x98\xec\x9d\xb4\xed\x94\x88\n\nENGENEs, el MV de 'Fever' est\xc3\xa1 a menos de 7M de vistas para conseguir 100M de vi\xe2\x80\xa6"""
397,1362817452862750725,2023-02-13 19:23:27+00:00,b'@LunoxCapital @PadMobi The team is trying to do Dejavu. Its instant price is behind Ath 100x. now aim for Ath and a\xe2\x80\xa6 https://t.co/24eNihn0l8'
399,23641892,2023-02-13 19:23:20+00:00,"b'@VeeSanders It\xe2\x80\x99s in the 40s here and I was sweating from walking the garbage out to the street fI also have covid,\xe2\x80\xa6 https://t.co/lk9rcCRrtB'"
400,1093203121189330945,2023-02-13 19:23:19+00:00,"b'RT @JamesArius1: After his fever was cured, ogCale returned to his secret (not-so-secret) activities.\n\nAnd one day when he opened the door\xe2\x80\xa6'"
403,1327508348531593217,2023-02-13 19:23:04+00:00,b'RT @peatchoune: I can\xe2\x80\x99t believe this really happened and it isn\xe2\x80\x99t just a fever dream #\xe9\xad\x88\xe8\x9b\x8d #xiaolumi https://t.co/4pqyOO5vtq'
404,162411543,2023-02-13 19:22:54+00:00,b'RT @AlexPadilla4CA: Climate destabilization brings with it dire health implications.\n\nAll elected leaders have a moral obligation to tackle\xe2\x80\xa6'
411,777372229956882433,2023-02-13 19:22:15+00:00,b'@risumaru_fever \xe3\x83\x9e\xe3\x82\xb8\xe3\x81\xa7\xe3\x82\xb7\xe3\x83\xb3\xe3\x83\x95\xe3\x82\xa9\xe3\x82\xae\xe3\x82\xa23\xe3\x81\xae\xe7\xa8\xbc\xe5\x83\x8d\xe8\xa6\x8b\xe3\x81\xa6\xe3\x81\x9f\xe3\x82\x89\xe6\x89\x93\xe3\x81\xa1\xe3\x81\x9f\xe3\x81\x8f\xe3\x81\xaa\xe3\x82\x8b\n\n\xe3\x81\xbe\xe3\x81\x9f\xe4\xb8\xa6\xe3\x81\xb3\xe3\x81\x97\xe3\x81\x9f\xe3\x81\x84\xe3\x82\x8f'
412,1478117367099969540,2023-02-13 19:22:14+00:00,"b""@ren_diamond Yeah!! I had my temp checked im right below a fever I'm at around 100\xc2\xb0 F"""
415,860765977,2023-02-13 19:22:06+00:00,b'@TanZoCharlie @GutterCatGang @A_VIRAL_FEVER @The_Zo_World This bird is a VIBE! Dope clone #GangGang'
419,1580918631034134528,2023-02-13 19:21:54+00:00,b'so i was in the bus and the cutest little boy kept offering me his chocolate bar thing and i kept saying that he sh\xe2\x80\xa6 https://t.co/ZQk6JcHmgQ'
420,1494960458826076160,2023-02-13 19:21:53+00:00,"b""RT @IamTeamKKundrra: Still can't get over the VEER fever \xf0\x9f\xa4\x92\xf0\x9f\xa4\x92\xf0\x9f\xa4\x92\n\nTERE ISHQ MEIN GHAYAL PREMIERE\n#TereIshqMeinGhayalKKundrra\n#TereIshqMainGhaya\xe2\x80\xa6"""
425,949089590299807745,2023-02-13 19:21:47+00:00,"b""So I got sick with Cov ~ on the 20th December, so I've been sick + recovering for almost two months now. I STILL ca\xe2\x80\xa6 https://t.co/00LRO7pxdt"""
428,312848382,2023-02-13 19:21:33+00:00,"b'RT @Peoples_Pundit: LIVE at 12:00 PM EST \xe2\x80\x94 Liz Harrington (@realLizUSA), spokesperson for President @realDonaldTrump, joins us to discuss t\xe2\x80\xa6'"
433,1599884599987179520,2023-02-13 19:20:59+00:00,"b""cabin fever's highlight medley reminded me that pk is a rbw group. those live vocals, the members in the song credi\xe2\x80\xa6 https://t.co/dqyEcNBcSJ"""
434,1426554131515252736,2023-02-13 19:20:58+00:00,b'@_saavi_17 ISLIYE YOIR FEVER WASNT GOING DOWN'
435,244512368,2023-02-13 19:20:51+00:00,b'Didn\xe2\x80\x99t this boy come out as queer or was that a fever dream? https://t.co/w6Fst3Emiv'
436,1244713461499809799,2023-02-13 19:20:47+00:00,b'I\xe2\x80\x99ve just realised we\xe2\x80\x99re almost at the end of the fever dream era..'
437,1546058111970050048,2023-02-13 19:20:44+00:00,b'I have a baby fever?!??'
438,1228873438644723712,2023-02-13 19:20:43+00:00,b'@helenofnone She really has a way with invoking how she feels in such a dead on and life altering way still salty s\xe2\x80\xa6 https://t.co/lTImBQNijR'
440,1362817452862750725,2023-02-13 19:20:26+00:00,b'@Mark_Crypto_off The team is trying to do Dejavu. Its instant price is behind Ath 100x. now aim for Ath and aim to\xe2\x80\xa6 https://t.co/BV59UGYhyR'
442,25567546,2023-02-13 19:20:23+00:00,b'@melthemartian7 come on over to the baby fever side'
444,21656055,2023-02-13 19:20:06+00:00,"b'Four unidentified flying objects have been shot down over the US and Canada over the past few weeks, raising questi\xe2\x80\xa6 https://t.co/1aFADlI1yy'"
445,951474603125125123,2023-02-13 19:20:00+00:00,"b'RT @rmtmd_ph: ~immunology~\n\nHyper IgD syndrome, also referred to as periodic fever syndrome, and Muckle-Wells syndrome. \n\nHyper IgD is caus\xe2\x80\xa6'"
446,1362817452862750725,2023-02-13 19:19:58+00:00,b'@sofizamolo The team is trying to do Dejavu. Its instant price is behind Ath 100x. now aim for Ath and aim to get h\xe2\x80\xa6 https://t.co/FNgfGXy5Oh'
447,45586617,2023-02-13 19:19:54+00:00,"b'Equatorial Guinea has confirmed its first ever Marburg outbreak:\n""Preliminary tests carried out following the death\xe2\x80\xa6 https://t.co/G64knEMzAL'"
448,3418858811,2023-02-13 19:19:49+00:00,b':((( i just wanted to play video games today and now i have a stupid high fever and feel like poop'
450,114716771,2023-02-13 19:19:46+00:00,b'RT @ONIGAWARA2013: \xe6\x98\x8e\xe6\x97\xa5\xe3\x81\xaf\xe9\x81\x82\xe3\x81\xab\xe3\x83\x90\xe3\x83\xac\xe3\x83\xb3\xe3\x82\xbf\xe3\x82\xa4\xe3\x83\xb3\xe3\x83\x87\xe3\x83\xbc\xf0\x9f\xab\xb6\n\n2015\xe5\xb9\xb4\xe3\x81\xae\xe6\x9b\xb2\xe3\x81\x8c\xe4\xbb\x8a\xe5\xb9\xb4\xe3\x83\x90\xe3\x82\xba\xe3\x81\xa3\xe3\x81\xa6\xe3\x82\x82\xe3\x81\x84\xe3\x81\x84\xe3\x82\x93\xe3\x81\x98\xe3\x82\x83\xe3\x81\xaa\xe3\x81\x84\xe3\x81\x8b\xe3\x81\xaa\xe3\x80\x9c\xef\xbc\x81\xef\xbc\x81\n#\xe3\x83\x81\xe3\x83\xa7\xe3\x82\xb3\xe3\x83\xac\xe3\x82\xa4\xe3\x83\x88\xe3\x82\x92\xe3\x81\xa1\xe3\x82\x87\xe3\x81\x86\xe3\x81\xa0\xe3\x81\x84\xe3\x80\x80\xe3\x81\xbf\xe3\x82\x93\xe3\x81\xaa\xe3\x81\xa7\xe6\x8b\xa1\xe6\x95\xa3\xe3\x82\x88\xe3\x82\x8d\xe3\x81\x97\xe3\x81\x8f\xe3\x81\x8a\xe9\xa1\x98\xe3\x81\x84\xe3\x81\x97\xe3\x81\xbe\xe3\x81\x99\xf0\x9f\x99\x87\xe2\x80\x8d\xe2\x99\x82\xef\xb8\x8f\nhttps://t.co/vGetGmCY94\n\n\xe3\x81\x9d\xe3\x81\x97\xe3\x81\xa6\xe9\xa1\x98\xe3\x82\x8f\xe3\x81\x8f\xe3\x81\xb0\xe6\x98\x8e\xe6\x97\xa5\xe6\x96\xb0\xe4\xbb\xa3\xe7\x94\xb0FEVE\xe2\x80\xa6'
452,814853500547006465,2023-02-13 19:19:39+00:00,b'RT @MikailEFE13: @PadMobi The team is trying to do Dejavu. Its instant price is behind Ath 100x. now aim for Ath and aim to get higher. Mas\xe2\x80\xa6'
454,1054308893625606144,2023-02-13 19:19:22+00:00,b'RT @GranddeGovernor: @aarile_1 @quame_age @richie_alone @M__ofosu The yellow fever vaccine is a necessity.. get it done at a hospital and g\xe2\x80\xa6'
456,1462470630155169793,2023-02-13 19:19:15+00:00,b'@RugusUWU I think you have a fever \xf0\x9f\x99\x81'
458,748953601414799360,2023-02-13 19:19:11+00:00,b'RT @DIABLOBARRETT: how the royal council pulls up to carry @RemingtonLeith\xe2\x80\x99s little inflatable boat at the fever dream tour https://t.co/UH\xe2\x80\xa6'
459,1020753906727612416,2023-02-13 19:19:09+00:00,b'@aarile_1 @quame_age @richie_alone @M__ofosu The yellow fever vaccine is a necessity.. get it done at a hospital and go with your card'
460,1362817452862750725,2023-02-13 19:19:01+00:00,b'@LeadEdgeCrypto The team is trying to do Dejavu. Its instant price is behind Ath 100x. now aim for Ath and aim to g\xe2\x80\xa6 https://t.co/shbNxfnM8A'
461,43040636,2023-02-13 19:18:46+00:00,b'@Never_Seen_Trek Have you seen Farscape? Because it\xe2\x80\x99s an insane fever dream.'
462,1587530833111425027,2023-02-13 19:18:44+00:00,"b""can confirm: Turkey feels like a fever dream\n\nnot only all the food I've tasted until now is fucking divine, everything is so fucking cheap"""
469,1404761793944240139,2023-02-13 19:18:14+00:00,b'We can be anything and everything\nwe want to be if we believe\nletting go of what we used to know\nwe can be anything\xe2\x80\xa6 https://t.co/DL0qe7vgQr'
470,269226446,2023-02-13 19:18:09+00:00,b'Fever Saturdays Live Audio Feb 4th 2023 DJ GESO And KILLA KHAN by DJ GESO on #SoundCloud \nhttps://t.co/rHQMkw4yif'
475,1503956632706953217,2023-02-13 19:17:33+00:00,b'@vicbuckss fever dream'
476,1514295946368061440,2023-02-13 19:17:28+00:00,b'RT @BarePilot: Taking Princess to Doctor for a pretty high fever. She insisted on making sure her baby doll was strapped in a seat belt too\xe2\x80\xa6'
480,836817231984078851,2023-02-13 19:17:20+00:00,b'Might have to take a sick day because I just woke up with Oscer fever \xf0\x9f\x8d\xbf\xf0\x9f\x8d\xbf\xf0\x9f\x8d\xbf\xf0\x9f\x8d\xbf\xf0\x9f\x8d\xbf\xf0\x9f\x83\x8f'
482,1462470630155169793,2023-02-13 19:17:08+00:00,b'@RugusUWU Do you have a fever??'
484,1083142855755997185,2023-02-13 19:17:02+00:00,b'RT @chaengkki: Obsessed with chaein chorus in autopilot\n\nCABIN FEVER HIGHLIGHT MEDLEY\n#D1_to_Cabin_Fever\n#PURPLE_KISS #\xed\x8d\xbc\xed\x94\x8c\xed\x82\xa4\xec\x8a\xa4 \n@RBW_PURPLEKIS\xe2\x80\xa6'
485,37394511,2023-02-13 19:16:49+00:00,"b""Dear body,\n\nIt's 3am. I know you're down with a viral fever. But please...\n\nDECIDE IF ITS HOT OR COLD. \n\nRegards."""
486,3981086373,2023-02-13 19:16:46+00:00,b'RT @wwwswancom: \xc2\xab Cabin Fever \xc2\xbb Highlight Medley; \xe2\x80\x98SWAN cut\xe2\x80\x99 https://t.co/3LS7KosKOj'
488,483942639,2023-02-13 19:16:28+00:00,"b'RT @FluTrackers: US CDC information web page on Marburg virus, last updated January 20, 2023 https://t.co/qf51Im0Brk'"
489,1556733907147509760,2023-02-13 19:16:23+00:00,"b""I'm at the Dr for my annual physical. There are signs up everywhere that if you have a cough, fever or sore throat\xe2\x80\xa6 https://t.co/q3NuoKnJiT"""
490,1591582974784552960,2023-02-13 19:16:19+00:00,b'WAS IT A FEVER DREAM OR DID THEY PLAY YTTD MUSIC IN III'
491,1417887353280991235,2023-02-13 19:16:14+00:00,b'#Cabin_Fever highlight medley #swan cut \n\n#SWAN #\xec\x88\x98\xec\x95\x88 #PURPLEKISS #\xed\x8d\xbc\xed\x94\x8c\xed\x82\xa4\xec\x8a\xa4 #Sweet_Juice https://t.co/ZONWlz7mki'
492,14684826,2023-02-13 19:16:12+00:00,b'US officials wait to discover evidence from unidentified flying objects shot down over North America Four unidentif\xe2\x80\xa6 https://t.co/9qU1qtn8nd'
493,23372702,2023-02-13 19:16:11+00:00,b'RT @lablronw: Okay the baby fever with this is heavy'
494,1034139733432197125,2023-02-13 19:15:55+00:00,b'@Greg6456 Personally I caught a cold so I cough and I have a fever'
495,3113126344,2023-02-13 19:15:52+00:00,b'\xe8\xb5\xa4\xe3\x81\xa1\xe3\x82\x83\xe3\x82\x93\xe3\x81\xae\xe9\xab\x98\xe7\x86\xb1\xe3\x81\x8c\xe4\xb8\x8b\xe3\x81\x8c\xe3\x82\x89\xe3\x81\xaa\xe3\x81\x84\xe5\x8e\x9f\xe5\x9b\xa0\xe3\x80\x80\xe5\xb9\xb3\xe7\x86\xb1\xe3\x81\xa8\xe7\x97\x85\xe9\x99\xa2\xe3\x81\xab\xe8\xa1\x8c\xe3\x81\x8f\xe7\x9b\xae\xe5\xae\x89\xe4\xbd\x93\xe6\xb8\xa9\xe3\x81\xa8\xe5\x88\xa4\xe6\x96\xad\xe5\x9f\xba\xe6\xba\x96  https://t.co/5cNPjTDOQA https://t.co/dm4mMD50UY'
497,1568648246007824389,2023-02-13 19:15:42+00:00,b'@flylouisa Fever \xf0\x9f\xa5\xb5'
500,1539833146359042048,2023-02-13 19:15:33+00:00,"b'There was a younger brother. An artist: sensitive, soft. Taken at nine by a fever. Havelock loved him truly.'"
501,1504871743529357341,2023-02-13 19:15:29+00:00,"b""@margauto Baby fever \xc3\xa0 fond, le seul truc qui me fait patienter c'est que je ne  veux pas payer double creche. A vo\xe2\x80\xa6 https://t.co/9dYhQQpXAT"""
504,1324238204669710347,2023-02-13 19:15:08+00:00,b'if everyone starts catching travolta fever rn im gonna kms'
505,3415203742,2023-02-13 19:15:06+00:00,b'Hotness of body is the term used by medical professionals to record a patient\xe2\x80\x99s complain of \xe2\x80\x98fever\xe2\x80\x99. You document i\xe2\x80\xa6 https://t.co/AFVGYe0ERQ'
507,1478358172230422536,2023-02-13 19:15:00+00:00,"b""My superstitions, your visage, my visions. Furtherin' the fever of your fervor, for believing. I will!"""
511,1561238937611419648,2023-02-13 19:14:51+00:00,"b""I'm paranoid I have a fever and just die. But I can't tell because my hands are cold and my parents aren't home.!!!"""
512,1620626016,2023-02-13 19:14:50+00:00,"b""Guys I'm getting hot. I think I have fever."""
513,978172570049622016,2023-02-13 19:14:48+00:00,"b'RT @d4nxartt: @TogashiLuvChild @kingpin1no @ICYHYUCK when i turned 20/21 i had weeks of high fever, the need to dance whenever bachata/sals\xe2\x80\xa6'"
515,40877574,2023-02-13 19:14:41+00:00,"b""It's hilarious that so many of the replies are straight out of a fever swamp populated by nutty conspiracy theorist\xe2\x80\xa6 https://t.co/eZobtHVdsC"""
516,123248281,2023-02-13 19:14:35+00:00,b'The normal body temperature is 36.5C to 37.5C. Anything close to 38 C and above is considered a fever. When taking\xe2\x80\xa6 https://t.co/XzPeaV5KHm'
519,3415203742,2023-02-13 19:14:12+00:00,b'@C_NyaKundiH Hotness of body is the term used by medical professionals to record a patient\xe2\x80\x99s complain of \xe2\x80\x98fever\xe2\x80\x99. Y\xe2\x80\xa6 https://t.co/imlLCnXldw'
524,1365901088076013569,2023-02-13 19:13:53+00:00,"b'They make you sweat, half-awake, soaking wet\nFever dream, people screaming bloody murder'"
525,1309243767145336832,2023-02-13 19:13:52+00:00,b'@stcrwest Right? Feels like a fever dream.'
526,881886849844858880,2023-02-13 19:13:43+00:00,b'Getting fever https://t.co/tE9QnYiFrD'
527,1371102215847354370,2023-02-13 19:13:42+00:00,"b'RT @lachimjmn: \xe2\x80\xa2 mini giveaway ph \xe2\x80\xa2\n\nenhypen unsealed album (no randoms) + photocard holder + other freebies \xe2\x99\xa1\n\n\xe2\x86\xb3 3 winners\n\xe2\x86\xb3 like, rt, mbf\xe2\x80\xa6'"
528,1244735460414537730,2023-02-13 19:13:30+00:00,b'@rickbyersmpp @GwillimdaleFarm @C_Mulroney @JillDunlop1 @Andrea_Khanjin I got a fever.\nAnd the only prescription is\xe2\x80\xa6 https://t.co/gJECfeC38j'
529,1474832533376454658,2023-02-13 19:13:26+00:00,b'\xe2\x8b\x86\xc2\xb7\xcb\x9a \xe0\xbc\x98 * un fever dream este t\xc3\xado https://t.co/S4Ts6cOiqU'
530,1268175061019656192,2023-02-13 19:13:24+00:00,b'I can look at Travis Kelce and tell he got jungle fever! \xf0\x9f\x98\x82'
531,962069820,2023-02-13 19:13:20+00:00,"b'@Corporal_52 Yes. And it had a valuable military role in force protection\xe2\x80\xa6 against yellow fever, dengue, and malaria'"
532,454586218,2023-02-13 19:13:14+00:00,b'Feb has felt like an absolute fever dream for me!!!! seeing my favourite people in the same month???? iconic. BUT F\xe2\x80\xa6 https://t.co/gIYs4eypym'
535,1444203293920616448,2023-02-13 19:13:02+00:00,"b""this is what happened in cocolia's room when these 3 fuckers landed in belobog, with alexa being Bronya and Mechani\xe2\x80\xa6 https://t.co/LlYBswNEhD"""
538,1525549086472118272,2023-02-13 19:12:46+00:00,b'@falco friend or brennan lee mulligan \xf0\x9f\x91\x80\xf0\x9f\x91\x80 that would be a fever dream holy fuck'
543,3497134213,2023-02-13 19:12:22+00:00,b'RT @cotgrave_senior: It\xe2\x80\x99s cup fever for this weeks upcoming games for the adult section.\n\nSaturday \n\xe2\x9a\xbd\xef\xb8\x8fReserves HOME \xf0\x9f\x86\x9a Basford Utd 21\xe2\x80\x99s. KO\xe2\x80\xa6'
551,2303907332,2023-02-13 19:11:12+00:00,b'@Nieuwsblad_be Da\xe2\x80\x99s Latijn voor \xe2\x80\x9ccrown fever\xe2\x80\x9d.'
552,1105995688549081088,2023-02-13 19:11:11+00:00,b'literally could have fucking sworn little mix performed at some football game in like 2015 or 2016 but maybe it was\xe2\x80\xa6 https://t.co/1PNOyG0fNF'
555,1362817452862750725,2023-02-13 19:11:04+00:00,b'@JuanfraEscudero The team is trying to do Dejavu. Its instant price is behind Ath 100x. now aim for Ath and aim to\xe2\x80\xa6 https://t.co/8UyI3IQcmX'
557,237617228,2023-02-13 19:11:02+00:00,b'@_mayoketchup Un collab entre ese y la due\xc3\xb1a de La Crica Mia seria un fever dream'
559,757686246131044353,2023-02-13 19:10:54+00:00,"b'RT @xsvermist: SPRZEDAM ALBUM ATEEZ 65 z\xc5\x82 + kw\xe2\x80\xbc\xef\xb8\x8f prosz\xc4\x99 o rt!!!! \n\n\xf0\x9f\x8c\xb8 album ateez zero : fever part.1 diary ver. (bez plakatu) stan idealny,\xe2\x80\xa6'"
562,1362817452862750725,2023-02-13 19:10:50+00:00,b'@ilhan_ktp @100xAltcoinGems The team is trying to do Dejavu. Its instant price is behind Ath 100x. now aim for Ath\xe2\x80\xa6 https://t.co/gkuDB35p45'
563,3003668735,2023-02-13 19:10:48+00:00,b'@drkcat im have minfilia fever.... thinking abt making another wolkid...'
566,734426312832647168,2023-02-13 19:10:43+00:00,"b'@Miguel_LPereira @Fever_PitchFC \xc3\x89 verdade. Mas atendendo aos n\xc3\xbameros de \xc3\xa9pocas sofr\xc3\xadveis recentes, t\xc3\xaam sido 3-4x ma\xe2\x80\xa6 https://t.co/63LDsf2E0e'"
568,325847771,2023-02-13 19:10:33+00:00,b'My man talking bout he got baby fever\xe2\x80\xa6..lmao oh no sir \xf0\x9f\xa4\xa3\xf0\x9f\xa4\xa3 summer right round the corner'
571,969941054408548353,2023-02-13 19:10:28+00:00,b'PSL FEVER \xe2\x99\xa5\xef\xb8\x8f\n#PSL8 #HBLPSL8 https://t.co/dBqhX6UKvZ'
572,3290588874,2023-02-13 19:10:24+00:00,b'RT @grimmfan4: @king_jin_woo Does anyone remember this Dolce &amp; Gabbana collab? This felt like a fever dream. https://t.co/GC9oW4dQZm'
573,14740291,2023-02-13 19:10:12+00:00,"b""I've got Oscar Fever https://t.co/2T55MkflF6"""
575,545802716,2023-02-13 19:10:07+00:00,"b'Area indecisiveness tinny Fever, Mastering! Off;\n\xd8\x9f?\n\xd9\x86\xd9\x85\xd8\xb4\xdb\x92\n\n\xf0\x9f\x94\xb9CX10\xf0\x9f\x94\xb9\n\xf0\x9f\x94\xb9CX10\xf0\x9f\x94\xb9\n\xf0\x9f\x94\xb9CX10\xf0\x9f\x94\xb9'"
576,3382449699,2023-02-13 19:10:01+00:00,"b""That's all for now! My slight contribution to Cum Whore Leo. \xf0\x9f\x92\x96\nTbh I love imagining this sort of thing for any iter\xe2\x80\xa6 https://t.co/WGzUMRgsaE"""
578,48314067,2023-02-13 19:09:55+00:00,b'RT @teeana_world: Gombe Fever\n\nCampaign No Dey Tire Tinubu. https://t.co/Y6mIDxoSfm'
580,3382449699,2023-02-13 19:09:51+00:00,"b'He\'s got baby fever to the max.\nLeo tries to smooth his bros into getting his way.\n""Leo, you promised I could help\xe2\x80\xa6 https://t.co/XSAzfLOJ1k'"
583,95325120,2023-02-13 19:09:42+00:00,"b""@URLcrz I haven't seen it in ages but idk, it's definitely a sort of fever dream sort of thing so I would feel weir\xe2\x80\xa6 https://t.co/Fgvbg4iRxD"""
584,3382449699,2023-02-13 19:09:41+00:00,"b'#tcest \xf0\x9f\xa7\xb5\n#OT4 [rottmnt] Leo-centric. CW: eggpreg, spring/heats, dub-con.\n\nMy brain worm for the day:\nBaby fever Leo\xe2\x80\xa6 https://t.co/kHGlIQakdG'"
585,70482533,2023-02-13 19:09:40+00:00,b'Marburg Virus causes hemorrhagic fever. Nasty. #equatorialGuinea https://t.co/bKUADvKTiM'
587,378778417,2023-02-13 19:09:38+00:00,b'Here we go. #Marburg as cause of the hemorrhagic fever in Equatorial Guinea. A reminder of reason for early diagnos\xe2\x80\xa6 https://t.co/MkzUdFhqMO'
588,1609857334922153984,2023-02-13 19:09:30+00:00,b'RT @callmePNK: My girl wearing cool fever \xf0\x9f\xa5\xba\nhttps://t.co/n11b1SLsQf'
589,730428013293273088,2023-02-13 19:09:27+00:00,"b""@DillydollyB Nah.... killed a fever, smacked a ball then slept all day , bet your day was more 'citing xxx"""
592,799553322,2023-02-13 19:09:04+00:00,"b""@duolingo how do you know I'm having a fever \xf0\x9f\xa4\x92 https://t.co/KUQsPzmsIN"""
595,34192439,2023-02-13 19:08:45+00:00,"b""I ran to get my baby from daycare due to a fever. As I'm putting her seatbelt on she said: \xe2\x80\x9cMa, I'm sick as hell!\xe2\x80\x9d\xe2\x80\xa6 https://t.co/MDYni13o6R"""
597,946207575728709632,2023-02-13 19:08:42+00:00,"b'@The_Jiggliest Yeah, fever for three days, sweat buckets non stop and slept for almost a solid 36 hours. 4x vax\xe2\x80\x99d t\xe2\x80\xa6 https://t.co/dNgAL7kxxx'"
598,742627212264804352,2023-02-13 19:08:40+00:00,b'so they say they slept 3 altogether right? \n\nbut how come Nam does not have any cool fever on her forehead? \xf0\x9f\xa4\x94 https://t.co/Jvekw9yMjs'
599,1316351638576271361,2023-02-13 19:08:37+00:00,b'CABIN FEVER OUTSOLD'
602,1191779129408008193,2023-02-13 19:08:20+00:00,b'@gremlinxiao tbh jus go to a near shop they must have those fever devices they using for covid.'
603,1308047245816651776,2023-02-13 19:08:18+00:00,b'RT @wwideheesyunki: jusko para akong shunga dito kasi fever fancam pa lang ni @madeforjykwn umiiyak na ko \xf0\x9f\xa5\xb2 tapos hanggang dulo na yung iya\xe2\x80\xa6'
608,3331184331,2023-02-13 19:08:08+00:00,b'RT @LipsiaLydia: @DiceActors Somebody caught a fever \xf0\x9f\x8e\xb6\xf0\x9f\x8e\xb6 gegen @PatsVoiceActing kann Travolta einpacken \xf0\x9f\x95\xba https://t.co/qmYTeFsrFm'
610,613414802,2023-02-13 19:08:04+00:00,"b'@Raw_News1st Marburg virus is a hemorrhagic fever virus. It causes Marburg virus disease in primates, a form of vir\xe2\x80\xa6 https://t.co/W7xiAuqLjt'"
612,745842926933131264,2023-02-13 19:08:00+00:00,b'POV: WHAT I SEE IN MY FEVER DREAMS \xf0\x9f\x98\xad\xf0\x9f\x98\xad https://t.co/kXqavQuBZi'
613,1289948185776066561,2023-02-13 19:07:58+00:00,b'RT @mikegalsworthy: The UK was supposed to introduce key sanitary &amp; phytosanitary post-Brexit import checks on food in July 2022.\n\nIt didn\xe2\x80\x99\xe2\x80\xa6'
615,378778417,2023-02-13 19:07:52+00:00,"b'When you are getting better prepared for #thenextpandemic, it should not take a week to identify the etiology of an\xe2\x80\xa6 https://t.co/tFzHLBgF2i'"
616,859392421,2023-02-13 19:07:50+00:00,b'RT @rafascosmic: how it started vs how it\xe2\x80\x99s going \xf0\x9f\x98\xb5\xe2\x80\x8d\xf0\x9f\x92\xab https://t.co/V2pBC2WM5R'
617,859392421,2023-02-13 19:07:48+00:00,"b""@rafascosmic @RonenRubinstein Now I'm wondering how many other photos they Tarlosfied \xf0\x9f\x98\xad"""
620,1134629161253953536,2023-02-13 19:07:35+00:00,"b""It's Just strange and medically impossible to have 2 days fever when remembering an unwanted  memory from childhood"""
626,1400082848023973892,2023-02-13 19:07:24+00:00,"b""RT @TroyRed7: My latest single The Fever  enters it's 6th week of airplay tomorrow The Commoners Too Much single enters into it's 5th week\xe2\x80\xa6"""
627,2963090340,2023-02-13 19:07:16+00:00,b'RT @NiharikaSodhi: Started my Monday strong. Kicked to work after two weeks. \n\nEnding my Monday burning w fever since afternoon. \n\nLife \xf0\x9f\x98\x8a\xf0\x9f\x98\x8a\xf0\x9f\x98\x8a'
628,1279664494776639488,2023-02-13 19:07:14+00:00,b'RT @RBW_PURPLEKISS: [#\xed\x8d\xbc\xed\x94\x8c\xed\x82\xa4\xec\x8a\xa4]  \n\n5th Mini Album [Cabin Fever]\n\n\xe2\x9a\x9c SOLO CONCEPT PHOTO \xe2\x9a\x9c\n\n\xe2\x96\xaa YUKI \xe2\x96\xaa\n\xe2\x96\xaa CHAEIN \xe2\x96\xaa\n\xe2\x96\xaa SWAN \xe2\x96\xaa\n\n2023.02.15 6PM RELEASE\xe2\x9c\x94\xe2\x80\xa6'
631,1279664494776639488,2023-02-13 19:07:06+00:00,b'RT @RBW_PURPLEKISS: [#\xed\x8d\xbc\xed\x94\x8c\xed\x82\xa4\xec\x8a\xa4]  \n\n5th Mini Album [Cabin Fever]\n\n\xe2\x9a\x9c CONCEPT PHOTO \xe2\x9a\x9c\n\xf0\x9f\x97\x9d PURPLE KISS \xf0\x9f\x97\x9d\n\n2023.02.15 6PM RELEASE\xe2\x9c\x94\n\n#PURPLE_KISS #Cabi\xe2\x80\xa6'
632,1446263772419706880,2023-02-13 19:07:03+00:00,"b""Patreon uploads this week \xe2\x9c\x8c\xf0\x9f\x8f\xbc\n\nTuesday 2/14\n\n- ATEEZ Salary Lupin Ep. 3\n\n- ATEEZ -'Promise' + 'Fever' from It\xe2\x80\x99s Live\xe2\x80\xa6 https://t.co/dMXyrs4oXt"""
633,1110971593742790661,2023-02-13 19:06:58+00:00,b'@davenewworld_2 The fact that they really think God gives a shit about every aspect of the tiniest shit in our shor\xe2\x80\xa6 https://t.co/D81uBNgGSw'
634,1566709598001811457,2023-02-13 19:06:52+00:00,b'@ozmabean1 Totally. I\xe2\x80\x99ve heard that from a lot of people. Did you have a fever?'
635,973271827723243521,2023-02-13 19:06:45+00:00,b'@PlayOverwatch still can\xe2\x80\x99t believe this is not a fever dream tbf'
640,1362817452862750725,2023-02-13 19:06:26+00:00,b'@sare1121 The team is trying to do Dejavu. Its instant price is behind Ath 100x. now aim for Ath and aim to get hig\xe2\x80\xa6 https://t.co/Rc5eGDGSpQ'
643,1586976633927483393,2023-02-13 19:06:19+00:00,b'tags\n\nthe boyz kevin moon wts wtt jacob younghoon sangyeon eric q changmin haknyeon juhaknyeon hyunjae hwall hyunju\xe2\x80\xa6 https://t.co/LB1AJ3la6x'
646,977675343900192768,2023-02-13 19:06:12+00:00,b'THE NEWTON BOYS feels like a fever dream. doesn\xe2\x80\x99t have Linklater\xe2\x80\x99s handprint on it at all except having Ethan Hawke\xe2\x80\xa6 https://t.co/246u8ZMGn2'
647,1362817452862750725,2023-02-13 19:06:11+00:00,b'@bscwhalegems The team is trying to do Dejavu. Its instant price is behind Ath 100x. now aim for Ath and aim to get\xe2\x80\xa6 https://t.co/WE1xsqM1QR'
651,1295573529258127360,2023-02-13 19:06:03+00:00,b'RT @drltna: miss ko na si jude tbh hdjdkd baby fever on a whole new lvl https://t.co/Xb4zu2P2f0'
652,3047152694,2023-02-13 19:06:02+00:00,"b""... I mean that, it felt like a damn fever trip, I 100%ed at the time and it's never quite left me.\n\nAlso yes, I actually liked the game."""
654,1362817452862750725,2023-02-13 19:05:55+00:00,b'@kripto_kolik1 The team is trying to do Dejavu. Its instant price is behind Ath 100x. now aim for Ath and aim to ge\xe2\x80\xa6 https://t.co/zSuIMgActo'
657,1585996467629690881,2023-02-13 19:05:44+00:00,"b""Rite Aid Children's Pain Relief Chewable Grape Tablets, Acetaminophen, 160 mg - 24 Count | Pain &amp; Fever Relief Chil\xe2\x80\xa6 https://t.co/37wMosOSLE"""
659,23720322,2023-02-13 19:05:25+00:00,"b""@Dust_Bunny_XOXO Well keep an eye on it sometimes it's more than just a little fever. [she smiled]"""
664,801229069845151744,2023-02-13 19:05:04+00:00,b'Nous \xc3\xa9coutons  Avec Cristobal - Dance Fever du 13 F\xc3\xa9vrier 2023 sur #mrcradio\n\nPour \xc3\xa9couter la Radio :\xe2\x80\xa6 https://t.co/AwhNkfXAuX'
665,1362817452862750725,2023-02-13 19:05:02+00:00,b'@cryptojack The team is trying to do Dejavu. Its instant price is behind Ath 100x. now aim for Ath and aim to get h\xe2\x80\xa6 https://t.co/jfGLtCeIhI'
669,1362817452862750725,2023-02-13 19:04:52+00:00,b'@ilhan_ktp @cryptojack @DarkshieldG The team is trying to do Dejavu. Its instant price is behind Ath 100x. now aim\xe2\x80\xa6 https://t.co/ZdazDVpT9V'
672,1128951677451530241,2023-02-13 19:04:41+00:00,b'RT @TakoTako_BooBoo: Hay fever season is about to start\xf0\x9f\x98\xac\n\xe3\x81\x9d\xe3\x82\x8d\xe3\x81\x9d\xe3\x82\x8d\xe8\x8a\xb1\xe7\xb2\x89\xe7\x97\x87\xe3\x81\xae\xe6\x99\x82\xe6\x9c\x9f\xe3\x81\xa7\xe3\x81\x99\xe3\x81\xad\xf0\x9f\x98\xac\n\nhttps://t.co/2eFD9PrxKh https://t.co/YdBK5TXI7y'
673,1128951677451530241,2023-02-13 19:04:40+00:00,b'RT @TakoTako_BooBoo: Hay fever season is about to start.......\xe2\x9c\xa8         \n\xe3\x81\x9d\xe3\x82\x8d\xe3\x81\x9d\xe3\x82\x8d\xe8\x8a\xb1\xe7\xb2\x89\xe7\x97\x87\xe3\x81\xae\xe6\x99\x82\xe6\x9c\x9f\xe3\x81\xa7\xe3\x81\x99\xe3\x81\xad.......\xe2\x9c\xa8\n\nhttps://t.co/2eFD9PrxKh https://t.co/fd0KZ8\xe2\x80\xa6'
674,717053150990041088,2023-02-13 19:04:38+00:00,b'RT @JoeWStanley: Not a single UK citizen would be happy that unsafe food is coming onto our market because of a total lack of inspections a\xe2\x80\xa6'
675,1362817452862750725,2023-02-13 19:04:37+00:00,b'@yourcryptodj The team is trying to do Dejavu. Its instant price is behind Ath 100x. now aim for Ath and aim to get\xe2\x80\xa6 https://t.co/VowaznzvH4'
676,1370912813720436736,2023-02-13 19:04:34+00:00,b'Taking Princess to Doctor for a pretty high fever. She insisted on making sure her baby doll was strapped in a seat\xe2\x80\xa6 https://t.co/M8FJrIiojq'
680,814995058994900993,2023-02-13 19:04:24+00:00,b'RT @awkwrdlovergirl: this is either gonna be 4x02 where we don\xe2\x80\x99t believe them and then we\xe2\x80\x99re gagged or 4x01 where we\xe2\x80\x99re all let down by how\xe2\x80\xa6'
682,1221233955355217920,2023-02-13 19:04:03+00:00,"b""(Update about my health)\nMy body just recovered from the fever, and i'm feeling good from this.\xf0\x9f\x99\x82 However my head hu\xe2\x80\xa6 https://t.co/uDNB3T50cy"""
684,24679269,2023-02-13 19:03:57+00:00,b'RT @Radio_poodle: Deep in the Fever Swamp\n\n#midjourney #midjourneyart  \n#aiartcommunity #AIart https://t.co/IUYrU8YYCq'
687,1486545593510072322,2023-02-13 19:03:50+00:00,b'the fact that this is real and not some crazy fever dream i had https://t.co/83jLsFzgcg'
688,1257207321933099008,2023-02-13 19:03:46+00:00,"b'@Stonurai5 @LayahHeilpern It makes me sad reading such lies, you may have had Covid healthy people can shrug it off\xe2\x80\xa6 https://t.co/FbbYGuwzcy'"
690,1476241243575304199,2023-02-13 19:03:39+00:00,b'ok im actually feeling like im dying from the fever i have so im gonna go sleep byee'
692,2204992052,2023-02-13 19:03:37+00:00,b'tremendo fever dream https://t.co/PzNy2mSZQe'
693,1114987080629858306,2023-02-13 19:03:36+00:00,b'The Democrats bench of candidates is so shallow bc they actively harm candidates that could capture the same anti-e\xe2\x80\xa6 https://t.co/MKZ3s8d7xF'
695,1385782382892969992,2023-02-13 19:03:33+00:00,b'so once a month omegas will start to get a fever\xe2\x80\x94 https://t.co/WNLRe6E5x3'
701,1362817452862750725,2023-02-13 19:03:20+00:00,b'@PadMobi The team is trying to do Dejavu. Its instant price is behind Ath 100x. now aim for Ath and aim to get high\xe2\x80\xa6 https://t.co/ZtJysbSJPU'
703,1594847590838931457,2023-02-13 19:03:17+00:00,"b'dream on, trigger the fever'"
704,249907499,2023-02-13 19:03:00+00:00,b'@rory_is_online @catatonicyouths Peak fever dream'
705,1512889029892710412,2023-02-13 19:02:59+00:00,b'CABIN FEVER &gt;&gt;&gt;&gt;&gt;&gt;&gt;'
706,1153863538793996288,2023-02-13 19:02:53+00:00,b'RT @holyyuns: wts ateez fever pt 3 album set (unsealed)\n\n- comes with all inclusions \n- selling each set for $30 + $5 shipping \n- US only\xe2\x80\xa6'
707,1251397629923201025,2023-02-13 19:02:52+00:00,"b'Dekuji vsem matkam, co sdili sve zkusenosti s minimiminy na internetu, oddaluje mi to celkem solidne baby fever!'"
708,1590823615095873560,2023-02-13 19:02:44+00:00,"b'@Meowkittykitty It\xe2\x80\x99s fine, just a little fever'"
710,2209902704,2023-02-13 19:02:39+00:00,"b'day; Terms. ticket, Fever Feminine Frustrating\n\xd8\x9f?\n\xd9\x86\xd9\x85\xd8\xb4\xdb\x92\n\n\xf0\x9f\x94\xb9H69\xf0\x9f\x94\xb9\n\xf0\x9f\x94\xb9H69\xf0\x9f\x94\xb9\n\xf0\x9f\x94\xb9H69\xf0\x9f\x94\xb9'"
711,1594691209271787520,2023-02-13 19:02:30+00:00,b'Nimrit at Farah party BB16 \xf0\x9f\xa4\xa9\n#BiggBoss16 Fever \n\n#NimritKaurAhluwalia #Nimritians #ChardiKalaVichRehNimrit https://t.co/xwWt0hVoXt'
712,1521599686309732354,2023-02-13 19:02:23+00:00,b'RT @ademyavuz47: @WhaleEverything The team is trying to do Dejavu. Its instant price is behind Ath 100x. now aim for Ath and aim to get hig\xe2\x80\xa6'
717,1280833129452728320,2023-02-13 19:02:10+00:00,"b'@xavierverse @xavms Fever and ParadoXXX Invasion, walang reason basta boom hinatak lang ako nang mga kantang yon. L\xe2\x80\xa6 https://t.co/uifYN1XdS0'"
720,1307749440321712128,2023-02-13 19:01:55+00:00,b'Flying Saucer Fever Grips America in 2023 with Graeme Rendall https://t.co/TZ0efbMZ5C'
721,1362817452862750725,2023-02-13 19:01:41+00:00,b'@ilhan_ktp @WhaleEverything @DarkshieldG The team is trying to do Dejavu. Its instant price is behind Ath 100x. now\xe2\x80\xa6 https://t.co/7zxxC7YdYv'
723,1223692081580990465,2023-02-13 19:01:37+00:00,"b'RT @theipaper: Unsafe meat is being allowed into the UK because of a lack of post-Brexit border checks, say industry insiders, who fear Afr\xe2\x80\xa6'"
725,1177295155470225408,2023-02-13 19:01:29+00:00,"b'At DoctorsCare, we treat medical situations that require immediate care but are not life-threatening, such as:\n\n\xe2\x80\xa2 A\xe2\x80\xa6 https://t.co/b7xa6za2XE'"
726,1563639449464246275,2023-02-13 19:01:26+00:00,b'@AmazingPhil This feels like a fever dream'
727,1492611857206624257,2023-02-13 19:01:25+00:00,"b""@Ayo_bami007 @megsmedia You have red fever \xf0\x9f\xa4\x92 haha God will heal you,cos you're a disgrace"""
731,1454817553,2023-02-13 19:01:15+00:00,b'RT @dimitrios_beis: @machiavelli_gr \xce\x9a\xce\xb1\xce\xb9 \xce\xb3\xce\xb9\xce\xb1\xcf\x84\xce\xaf \xcf\x86\xce\xbf\xcf\x81\xce\xac\xce\xb5\xce\xb9 \xcf\x83\xcf\x84\xce\xbf\xce\xbb\xce\xae \xcf\x84\xce\xbf\xcf\x85 Enterprise \xcf\x84\xcf\x8c\xcf\x84\xce\xb5? \xce\xa4\xce\xb9 \xce\xbc\xce\xb1\xcf\x82 \xce\xba\xcf\x81\xcf\x8d\xce\xb2\xce\xbf\xcf\x85\xce\xbd?'
732,1448349302112329735,2023-02-13 19:01:07+00:00,b'america is scary and trying to maintain sanity and still experience joy here feels like a never ending fever dream'
733,1185548648467353600,2023-02-13 19:01:02+00:00,b'Madonna\xe2\x80\x99s cover of Fever is so underrated https://t.co/2KR3Mb2jW0'
734,886898462008135680,2023-02-13 19:00:59+00:00,b'jusko para akong shunga dito kasi fever fancam pa lang ni @madeforjykwn umiiyak na ko \xf0\x9f\xa5\xb2 tapos hanggang dulo na yung\xe2\x80\xa6 https://t.co/yJp2DwXQt3'
735,884166745090662401,2023-02-13 19:00:58+00:00,b'It\xe2\x80\x99s cup fever for this weeks upcoming games for the adult section.\n\nSaturday \n\xe2\x9a\xbd\xef\xb8\x8fReserves HOME \xf0\x9f\x86\x9a Basford Utd 21\xe2\x80\x99s.\xe2\x80\xa6 https://t.co/TwA6cJdtyL'
741,1280833129452728320,2023-02-13 19:00:38+00:00,"b""RT @xavierverse: ENHYPEN SEALED GGU GGU PACKAGE 2023 GIVEAWAY ! \n\n\xf0\x9f\x93\x8cSTREAM 'FEVER' MV!\n\xf0\x9f\x94\x97: https://t.co/X1pADsQHA8\n\xf0\x9f\x93\x8cDrop proof with timestamp\xe2\x80\xa6"""
744,995731694555561984,2023-02-13 19:00:27+00:00,"b'@_itzashe_ yess got high fever, cold &amp; cough w it then Body ache idk WHY THEY DECIDED TO ATTAC ME ALL AT ONCE BUT IM GON F8 BACK\xf0\x9f\x98\xa4'"
745,1366881816905461762,2023-02-13 19:00:23+00:00,b'#NowPlaying Jai Mohan  - Jai Mohan  - fever at https://t.co/JNfC3Ouky0'
746,1560221464128851970,2023-02-13 19:00:19+00:00,b'RT @CerromeZONE: Meek lookin like Gator from Jungle Fever https://t.co/DeWDzDBA5Z'
747,258242048,2023-02-13 19:00:11+00:00,b'The fever \xf0\x9f\x98\xad\xf0\x9f\x98\x8d https://t.co/jFMf29UMae'
749,23236478,2023-02-13 19:00:09+00:00,b'Goldman Sachs leads new $110m investment in live entertainment tech company Fever - Music Business Worldwide https://t.co/lTBc5ppdSr'
750,60227645,2023-02-13 18:59:59+00:00,"b'@WhiteHouse What a scam. My daughter has half a heart and is unvaccinated. She caught Covid (original strain), and\xe2\x80\xa6 https://t.co/DAqirzGYVI'"
751,1560994201889906688,2023-02-13 18:59:49+00:00,b'@Asaysaymen Seasonal flu and fever. \xf0\x9f\xa4\xa7\xf0\x9f\xa4\xa7'
753,1562267394,2023-02-13 18:59:43+00:00,b'RT @Imocdofficial: \xe5\x85\x88\xe9\x80\xb1\xe3\x81\xaf\xe8\xaa\x95\xe7\x94\x9f\xe6\x97\xa5\xe3\x83\xa1\xe3\x83\x83\xe3\x82\xbb\xe3\x83\xbc\xe3\x82\xb8\xe3\x80\x81\xe6\xb2\xa2\xe5\xb1\xb1\xe3\x81\x82\xe3\x82\x8a\xe3\x81\x8c\xe3\x81\xa8\xe3\x81\x86\xef\xbc\x8150\xe6\xad\xb3\xe3\x81\xab\xe3\x81\xaa\xe3\x82\x8a\xe3\x81\xbe\xe3\x81\x97\xe3\x81\x9f\xe3\x82\x88\xe3\x80\x82\xe3\x81\x82\xe3\x81\xa3\xe3\x81\xa8\xe3\x81\x84\xe3\x81\x86\xe9\x96\x93\xe3\x81\xa0\xe3\x81\xa3\xe3\x81\x9f\xe3\x81\xaa\xe3\x80\x82\xe3\x81\x93\xe3\x82\x8c\xe3\x81\x8b\xe3\x82\x89\xe3\x82\x82\xe3\x82\x88\xe3\x82\x8d\xe3\x81\x97\xe3\x81\x8f\xe3\x81\x8a\xe9\xa1\x98\xe3\x81\x84\xe3\x81\x97\xe3\x81\xbe\xe3\x81\x99:)\n2\xef\xbc\x8f\xef\xbc\x92\xef\xbc\x98\xe6\x97\xa5\xe3\x80\x81\xe6\x99\x82\xe9\x96\x93\xe3\x81\x8c\xe3\x81\x82\xe3\x82\x8b\xe4\xba\xba\xe3\x81\xaf\xe6\x98\xaf\xe9\x9d\x9e\xe6\x96\xb0\xe4\xbb\xa3\xe7\x94\xb0FEVER\xe3\x81\xb8\xef\xbc\x81 https://t.co/Nnfwp3kf84'
754,859392421,2023-02-13 18:59:33+00:00,b'This is insane to me \xf0\x9f\x98\x8d https://t.co/A9TU5cs1Dp'
755,4876038363,2023-02-13 18:59:32+00:00,b'RT @AnimalSOSSLanka: Do you remember the poor old girl named Etna from Ambalangoda? \xf0\x9f\x90\xbe\n\nShe had a HUGE tumour that we successfully removed a\xe2\x80\xa6'
757,1153669038561738754,2023-02-13 18:59:31+00:00,b'@VAMPIREATTIRE i\xe2\x80\x99m not entirely sure that wasn\xe2\x80\x99t a fever dream but yes'
758,1521599686309732354,2023-02-13 18:59:12+00:00,b'RT @MikailEFE13: @100xAltcoinGems The team is trying to do Dejavu. Its instant price is behind Ath 100x. now aim for Ath and aim to get hig\xe2\x80\xa6'
759,1078920203638067200,2023-02-13 18:59:10+00:00,b'RT @dokidreams: DOSIE\xe2\x80\x99S VOICE WAS IN THE INTRO AND NO ONE REALIZED OR WAS TALKING ABOUT IT???\n\nCABIN FEVER HIGHLIGHT MEDLEY\n#D1_to_Cabin_Fe\xe2\x80\xa6'
760,1409012832881070081,2023-02-13 18:59:05+00:00,"b""@draco9384 @hottamali02 I was born in the early 1970s &amp; had mumps in elementary school. I don't recall many other k\xe2\x80\xa6 https://t.co/d1xKIKhyuk"""
764,43802743,2023-02-13 18:59:00+00:00,"b'\xe2\x80\x9cShope\xe2\x80\x99s is thrilling writing at the intersection of prose and poetry; a fever dream of passion, trauma, and nightm\xe2\x80\xa6 https://t.co/3fYZFJckvF'"
765,756642303712763904,2023-02-13 18:58:59+00:00,"b'@yoshismachbike @DoobusGoobus I always remembered his voice, but I could never put the name of the show I watched a\xe2\x80\xa6 https://t.co/LfKOh3l1Am'"
771,972576001371918336,2023-02-13 18:58:39+00:00,b'RT @maronberryboi: i got sick and now i have a fever... someone pls take care of me \xf0\x9f\xa5\xba https://t.co/R8ZaObHAk7'
773,1183072322917486592,2023-02-13 18:58:37+00:00,b'ive been having baby fever so bad \xf0\x9f\x98\xa9\xf0\x9f\x98\xa9\xf0\x9f\x98\xa9\xf0\x9f\x98\xa9\xf0\x9f\x98\xa9\xf0\x9f\x98\xa9but im not havin no baby bye'
774,1118615818500100097,2023-02-13 18:58:35+00:00,"b'As ChatGPT hype hits fever pitch, Neeva launches its generative AI search engine internationally https://t.co/Juxua2OkcV'"
775,1558154797336887299,2023-02-13 18:58:26+00:00,"b'RT @_teallatte: Want a quick zutara read for breakfast? I give you: Agni\'s Fever by SongofHopeandHonor \n\n""She decides that she loves him fo\xe2\x80\xa6'"
777,1550471231417327617,2023-02-13 18:58:20+00:00,"b'-- audible only above the frequency of fever dreams.\n\n""Somehow those are magic words to me. Usually I do feel unseen. How did you know?""'"
779,1521599686309732354,2023-02-13 18:58:15+00:00,b'RT @MikailEFE13: @pascualprincipe The team is trying to do Dejavu. Its instant price is behind Ath 100x. now aim for Ath and aim to get hig\xe2\x80\xa6'
780,1290353314002022401,2023-02-13 18:58:11+00:00,"b'fever, polaroid love and blockbuster these are the same ppl that swear they don\xe2\x80\x99t want enha\xe2\x80\x99s music for their own f\xe2\x80\xa6 https://t.co/GRkszjXlpG'"
781,114389047,2023-02-13 18:58:07+00:00,b'Today\xe2\x80\x99s star @ Motau\xf0\x9f\xa6\x81Nursery is Fever Tree!\nThe rain has washed the Yellow Bark clean\nThis tree is natural herb wit\xe2\x80\xa6 https://t.co/QkHZBY5NU6'
782,1450165234124083211,2023-02-13 18:58:05+00:00,b'@jordiboy86 @WtxNews I still feel like this was a fever dream because I remember it so fondly and nobody ever remembers it'
783,229575034,2023-02-13 18:58:03+00:00,"b""Sounds like this will be another strong album from PurKi!\n\n\xed\x8d\xbc\xed\x94\x8c\xed\x82\xa4\xec\x8a\xa4(PURPLE KISS) 'Cabin Fever' Highlight Medley https://t.co/FqqIHEJOy0"""
784,999253636344508416,2023-02-13 18:58:02+00:00,"b'Want a quick zutara read for breakfast? I give you: Agni\'s Fever by SongofHopeandHonor \n\n""She decides that she love\xe2\x80\xa6 https://t.co/uVPLOk5vnR'"
785,1362817452862750725,2023-02-13 18:57:58+00:00,b'@100xAltcoinGems The team is trying to do Dejavu. Its instant price is behind Ath 100x. now aim for Ath and aim to\xe2\x80\xa6 https://t.co/vS07ZrHlGb'
788,1438887095406370823,2023-02-13 18:57:38+00:00,b'Celebrating my 14 with my forever toxic  flu and fever \xf0\x9f\x8c\x9a'
789,772778560306184192,2023-02-13 18:57:34+00:00,b'RT @_emilyrarick: Please keep praying for Evie. She has barely eaten in two days and is very weak. I\xe2\x80\x99ve had her fever down with Tylenol and\xe2\x80\xa6'
790,1295681402051207168,2023-02-13 18:57:33+00:00,"b""RT @TerryTyler4: '115 years ago, everyone lived like kings.  Then most of them got bat fever.  Now we live in shacks, and if we don't work,\xe2\x80\xa6"""
792,1568568463706263552,2023-02-13 18:57:23+00:00,b'RT @cnnphilippines: The ENHYPEN fever here in the country is stronger than ever with the boy group beginning their three-day concert in the\xe2\x80\xa6'
793,74457965,2023-02-13 18:57:11+00:00,"b'No Amazons-Atlanteans war, no Thomas/Martha as Batman/Joker, no Cyborg, no proper Superman (no Henry Cavill), no Sn\xe2\x80\xa6 https://t.co/Zc7chW1WWL'"
795,1014565131097960449,2023-02-13 18:57:06+00:00,b'It\xe2\x80\x99ll be a miracle if I won\xe2\x80\x99t end up this moving saga with a fever'
798,94822428,2023-02-13 18:56:59+00:00,"b'""Why didn\'t we come up with this?""\n""I always leave energized.""\n\nCatch the fever of student engagement and contribut\xe2\x80\xa6 https://t.co/ocnLiszeLR'"
799,1362817452862750725,2023-02-13 18:56:56+00:00,b'@pascualprincipe The team is trying to do Dejavu. Its instant price is behind Ath 100x. now aim for Ath and aim to\xe2\x80\xa6 https://t.co/jfCueILnCc'
805,1362817452862750725,2023-02-13 18:56:30+00:00,b'@CryptoWizardd The team is trying to do Dejavu. Its instant price is behind Ath 100x. now aim for Ath and aim to ge\xe2\x80\xa6 https://t.co/nc11OjvhMv'
807,918179834131558401,2023-02-13 18:56:23+00:00,b'this video is so chaotic okare fever dream \xf0\x9f\x98\xad\xf0\x9f\x98\xad\xf0\x9f\x98\xad https://t.co/sKoHYVLdRK'
808,11918252,2023-02-13 18:56:19+00:00,"b'@EsDeib That guy makes me sick. However, gotta say all Warriors fans are certainly not like that. My husband and I\xe2\x80\xa6 https://t.co/Zz2YoeXvQn'"
810,1362817452862750725,2023-02-13 18:56:12+00:00,b'@Cryptonftgems The team is trying to do Dejavu. Its instant price is behind Ath 100x. now aim for Ath and aim to ge\xe2\x80\xa6 https://t.co/jbdHW4GYJM'
811,1501258774002094089,2023-02-13 18:56:11+00:00,b'@yourmomskacchan /Hell yeah I did I swear I thought it was just a fever dream I thought I was the only one who remembered that show\xf0\x9f\xa5\xb9'
812,1472537554444558336,2023-02-13 18:55:57+00:00,b'I think we are safe to say there is a gold fever in town:\nThe California Gold Rush (1848\xe2\x80\x931855)\nThe Crypto Gold Rush\xe2\x80\xa6 https://t.co/NyBIXzBOgE'
813,4270499712,2023-02-13 18:55:54+00:00,b'RT @jordanmw_1994: Am i home with a 101 fever cause of the flu? Yes. Am i watching my comfort movie Xoxo? Yes.'
814,940435499336044546,2023-02-13 18:55:48+00:00,"b'@KatePri14608408 @DavidJoffe64 @NjbBari3 @LettersfromTim ""Marburg virus disease is a highly virulent disease that c\xe2\x80\xa6 https://t.co/No1csKCz55'"
815,1547628409,2023-02-13 18:55:47+00:00,b'Is it reasonable to for Thanatos to get baby fever after the birth of his first pup? Like after going so long think\xe2\x80\xa6 https://t.co/ZfIcH53oDm'
816,1377194867080724482,2023-02-13 18:55:43+00:00,b'HEY! Come join our streaming parties enjin!! Road to 100mil on fever \xf0\x9f\xa5\xb0 https://t.co/bSssFeMsgi'
820,70321882,2023-02-13 18:55:29+00:00,"b""RT @FartonFink: my friend Alex and I started a movie podcast where we goof around and talk about film franchises. if you've had Magic Mike\xe2\x80\xa6"""
821,1559131590495707137,2023-02-13 18:55:27+00:00,b'this feels like a fever dream https://t.co/YHcW0buYeU https://t.co/qf6xy3OOmr'
823,1241042666135175168,2023-02-13 18:55:25+00:00,b'So the last movie we watched last night was an absolute fever dream https://t.co/nVwjzOSbOY'
824,1437658818,2023-02-13 18:55:22+00:00,b'sana bukas wala ng fever ang bb \xf0\x9f\x99\x8f\xf0\x9f\x8f\xbb'
825,1493955065723432962,2023-02-13 18:55:09+00:00,b'@oiialoo Na kpop fever eu comprei o stereotype s\xc3\xb3 que n\xc3\xa3o veio brinde \xf0\x9f\x98\xad\xf0\x9f\x98\xad.'
826,1572713503546277888,2023-02-13 18:55:07+00:00,"b'@TogashiLuvChild @kingpin1no @ICYHYUCK when i turned 20/21 i had weeks of high fever, the need to dance whenever ba\xe2\x80\xa6 https://t.co/TkBJSOqB87'"
829,1360148053827735558,2023-02-13 18:55:00+00:00,b'@DiceActors Somebody caught a fever \xf0\x9f\x8e\xb6\xf0\x9f\x8e\xb6 gegen @PatsVoiceActing kann Travolta einpacken \xf0\x9f\x95\xba https://t.co/qmYTeFsrFm'
830,1422007710246219778,2023-02-13 18:54:43+00:00,b'i think i might have come down with the musical sickness\xe2\x80\xa6 my stomach is fine but i\xe2\x80\x99m having crazy chills and i thin\xe2\x80\xa6 https://t.co/ZleAjiMqIW'
831,1362817452862750725,2023-02-13 18:54:41+00:00,b'\xf0\x9f\x9a\xa8The team is trying to do Dejavu. Its instant price is behind Ath 100x. now aim for Ath and aim to get higher. Mass\xe2\x80\xa6 https://t.co/bpjuOehmWu'
833,1436922880097337352,2023-02-13 18:54:39+00:00,b'WE HAVE FEVER STREAMING PARTYS COMING!! USER FAIRYOFBEOMTAE COME JOIN US https://t.co/lkBi0BPEfD'
834,1512158323864338436,2023-02-13 18:54:36+00:00,b'@noxusegirl HARVEY MAKES ME SICK (from the fever I have from his cuteness)'
835,2303670331,2023-02-13 18:54:33+00:00,"b'@jk_rowling Trans hate has risen to fever pitch in the UK, fanned by Rowling and her vast wealth and influence. \n\nN\xe2\x80\xa6 https://t.co/IHdKPrZZJO'"
836,706143359904055298,2023-02-13 18:54:22+00:00,b'pomum\xe3\x80\x8c\xe5\x85\xa8\xe9\x83\xa8\xe6\xb0\x97\xe5\x90\x88\xe3\x81\x84\xe3\x81\xa7\xe3\x81\xaa\xe3\x82\x93\xe3\x81\xa8\xe3\x81\x8b\xe3\x81\xaa\xe3\x82\x8b\xe3\x81\x8b\xe3\x82\x89\xe3\x82\xaf\xe3\x83\xa9\xe3\x83\x95\xe3\x82\xa3\xe3\x81\xaf\xe7\xa5\x9e\xe3\x82\xb2\xe3\x83\xbc\xe3\x80\x82\xe4\xbf\xba\xe3\x81\x8c\xe3\x83\x95\xe3\x82\xa7\xe3\x82\xb9\xe9\x99\x90\xe3\x81\xa0\xe3\x80\x82\xe3\x80\x8d'
838,105047072,2023-02-13 18:54:17+00:00,b'Sorbetera pa din fever pa din siguro forever. Ang lungkot ng puso ko si mamiii ghiiieeeee mag flight naaa pati si b\xe2\x80\xa6 https://t.co/2uSNyWCz9u'
839,859392421,2023-02-13 18:54:08+00:00,"b'Rafa, that caption! Stop \xf0\x9f\x98\xad https://t.co/YLeXdWJrLI'"
841,959411846284546048,2023-02-13 18:53:58+00:00,b'RT @Anthony93544017: Brexit leads to unsafe meat and African Swine Fever warnings as UK border checks on food stop https://t.co/MvW2DLm2FB'
843,149989206,2023-02-13 18:53:49+00:00,"b'RT @SomewhatDamag3d: Woke up feeling awful, I ache all over, have a fever, don\xe2\x80\x99t want to get out of bed \xf0\x9f\xa4\x92 Going to take some meds and hope\xe2\x80\xa6'"
844,1126262821,2023-02-13 18:53:46+00:00,b'fever dream time... https://t.co/gWtrDaIQHo'
847,926981182285320192,2023-02-13 18:53:23+00:00,b'@SuperSpuddles Does this mean coms are back open or is this just a dairy fueled fever tweet?'
851,514460179,2023-02-13 18:53:02+00:00,"b'RT @CJGrandPrix: Volume up!.. No, all the way up! \n#fever\nThe Greatest Road Race Ever! (1930) \nhttps://t.co/lVcv8q54L0 via @YouTube \n@MarkT\xe2\x80\xa6'"
855,1474801775429496842,2023-02-13 18:52:41+00:00,b'Brexit  AFFECT\n\nBrexit leads to unsafe meat and African Swine Fever warnings as UK border checks on food stop https://t.co/6eeQbuzSXP'
857,2345697338,2023-02-13 18:52:26+00:00,b'This 1 fever dream impulse transaction is about to determine the trajectory of my life \xf0\x9f\x98\x85'
858,1307139329110806528,2023-02-13 18:52:18+00:00,b'@david_hayes9 @AjvictoryMD Sir last month I had to strong arm my father into taking me to the hospital after I had\xe2\x80\xa6 https://t.co/it0f6VmhZX'
860,1552931032105721858,2023-02-13 18:52:06+00:00,"b'Fever,flue,awaz band, gala band,qismat band.'"
861,1530587886420369415,2023-02-13 18:52:00+00:00,b'Ngano man jud nga naay fever-like aftermath ang softdrinks\xf0\x9f\xa4\xa7'
863,2367988944,2023-02-13 18:51:47+00:00,"b'For this valentines day, feel free to send me ngl for unsolicited love advises or whatnots emz. Also, DON\xe2\x80\x99T FORGET\xe2\x80\xa6 https://t.co/nMGquDkfJD'"
864,274279967,2023-02-13 18:51:31+00:00,b'\xe3\x80\x90\xe5\xae\x9a\xe6\x9c\x9f\xe3\x80\x91\xe3\x83\x95\xe3\x82\xa9\xe3\x83\xad\xe3\x83\x90\xe9\x81\x85\xe3\x82\x81\xe3\x81\xa7\xe3\x81\x99\xe3\x80\x81\xe3\x81\x94\xe3\x82\x81\xe3\x82\x93\xe3\x81\xaa\xe3\x81\x95\xe3\x81\x84)^o^('
866,2268274239,2023-02-13 18:51:14+00:00,b'My eldest kid just got sent home early for a fever and can\xe2\x80\x99t go back until Wednesday. Happy Valentine\xe2\x80\x99s Day \xf0\x9f\x98\xad'
868,1170563285046808576,2023-02-13 18:51:02+00:00,"b""RT @RHGameConfirm: Day 681: Unfortunately, no. A new Rhythm Heaven game has not been confirmed. It has been 2806 days since Megamix's relea\xe2\x80\xa6"""
872,1347237570565046272,2023-02-13 18:50:48+00:00,"b'Waiting till the day her record label releases the tour audio from intimate &amp; live, oanlt, and fever tour  https://t.co/XEaGGyibr8'"
